row_num,faci_stat_nm,faci_lat,ftype_nm,cpb_nm,addr_emd_nm,faci_lot,cp_nm,faci_mng_user_telno,faci_nm,faci_road_addr,faci_addr
1,정상운영,35.5056777,테니스장,밀양시,교동,128.744836,경상남도,055-359-5774,밀양스포츠센터 테니스장,경상남도 밀양시 시청로 28 (교동),경상남도 밀양시 교동 1121-3 미리벌관
2,정상운영,37.5136516,테니스장,송파구,방이동,127.1282217,서울특별시,02-410-1322,올림픽공원 테니스경기장,서울특별시 송파구 올림픽로 424 (방이동),
3,정상운영,37.21772965,테니스장,화성시,진안동,127.0319073,경기도,031-3696-273,진안공공공지 테니스장,경기도 화성시 병점중앙로 214-58 (진안동),경기도 화성시 진안동 121-2
4,정상운영,37.20401352,테니스장,화성시,반송동,127.0636027,경기도,031-5189-6188,센트럴파크 테니스장,경기도 화성시 동탄공원로1길 26-23(반송동),경기도 화성시 반송동 59
5,정상운영,37.2067964,테니스장,화성시,석우동,127.0782246,경기도,031-369-6273,테니스장(예당 임시체육시설),경기도 화성시 노작로 226-9 (석우동),경기도 화성시 석우동 60 동탄보건지소
6,정상운영,37.2054715,테니스장,화성시,영천동,127.106524,경기도,031-5189-6188,치동천체육공원 테니스장,경기도 화성시 동탄순환대로29길 38(영천동),경기도 화성시 영천동 670-2
7,정상운영,37.37705836,테니스장,정선군,애산리,128.6747444,강원도,033-560-2768,정선종합경기장 테니스장,강원도 정선군 정선읍 애산로 60,강원도 정선군 정선읍 애산리 768 정선종합경기장 정선체육관
8,정상운영,37.44477124,테니스장,시흥시,대야동,126.7960777,경기도,031-310-3159,대야동 테니스장,경기도 시흥시 은행로 246 (대야동),
9,정상운영,37.41596016,테니스장,시흥시,매화동,126.8227775,경기도,031-310-3159,매화1 체육공원 테니스장,경기도 시흥시 수인로2910번길 38(매화동),경기도 시흥시 매화동 151 매화체육공원
10,정상운영,37.34138527,테니스장,시흥시,거모동,126.7863093,경기도,031-310-3159,거모동 체육시설(테니스),경기도 시흥시 군자로534번길 19 (거모동),
11,정상운영,35.38982126,테니스장,창녕군,남지리,128.471959,경상남도,055-530-1486,남지테니스장,경상남도 창녕군 남지읍 낙동로 429,경상남도 창녕군 남지읍 남지리 723 남지초등학교
12,정상운영,,테니스장,익산시,,,전라북도,,금마다목적체육관테니스장,,
13,정상운영,37.10632999,테니스장,음성군,오향리,127.6486066,충청북도,043-871-2483,감곡생활체육공원 테니스장,충청북도 음성군 감곡면 감문1길 20,충청북도 음성군 감곡면 오향리 1188
14,정상운영,35.32300485,테니스장,양산시,범어리,129.0191764,경상남도,055-392-3403,(테니스장-08) 양산시립2테니스장,경남 양산시 물금읍 범어리 2822,경남 양산시 물금읍 범어리 2822
15,정상운영,37.44971058,테니스장,시흥시,대야동,126.7829186,경기도,031-310-3159,대야배수지(테니스장),경기도 시흥시 소래산길 37 (대야동),경기도 시흥시 대야동 332-80
16,정상운영,37.40557351,테니스장,시흥시,포동,126.7839428,경기도,031-310-3159,포동 생활체육공원(테니스장),경기도 시흥시 시흥대로789번길 14-3 (포동),
17,정상운영,37.44112691,테니스장,시흥시,은행동,126.7936378,경기도,031-310-3159,비둘기공원테니스장,경기도 시흥시 대은로 16-29 (은행동),
18,정상운영,37.37029224,테니스장,시흥시,능곡동,126.8153406,경기도,031-310-3159,능곡동 테니스장,경기도 시흥시 목실길 24 (능곡동),
19,정상운영,37.37621288,테니스장,시흥시,정왕동,126.738448,경기도,031-310-3159,배곧테니스장,"경기도 시흥시 배곧4로 81-29 (정왕동, 배곧센텀베이2차)",경기도 시흥시 정왕동 1772-21 배곧센텀베이2차
20,정상운영,37.33959888,테니스장,시흥시,정왕동,126.7570731,경기도,031-310-3159,정왕동 체육공원(테니스장),경기도 시흥시 역전로 50 (정왕동),
21,정상운영,37.33339952,테니스장,시흥시,정왕동,126.72562,경기도,031-310-3159,소망공원테니스장,경기 시흥시 정왕동 1368,경기 시흥시 정왕동 1368
22,정상운영,37.33593345,테니스장,시흥시,정왕동,126.7150487,경기도,031-310-3159,희망공원테니스장,경기도 시흥시 군자천로131번길 64 (정왕동),
23,정상운영,36.89558377,테니스장,봉화군,해저리,128.7289368,경상북도,054-679-6983,복합스포츠단지 테니스장,경상북도 봉화군 봉화읍 봉화로 1111-103,경상북도 봉화군 봉화읍 해저리 산4-18
24,정상운영,35.1862935,테니스장,하동군,병천리,127.8789541,경상남도,055-880-2384,옥종다목적생활공원 실내테니스장,경상남도 하동군 옥종면 옥종중앙길 120,경상남도 하동군 옥종면 병천리 484-1
25,정상운영,35.05923503,테니스장,하동군,,127.7504185,경상남도,055-880-6443,수변공원(섬진강)테니스장,하동읍 광평리 63-2,
26,정상운영,37.74751876,테니스장,의정부시,신곡동,127.0766386,경기도,031-828-4073,송산배수지테니스장,경기도 의정부시 부용로214번길 51(신곡동),경기도 의정부시 신곡동 53-464
27,정상운영,37.51369666,테니스장,송파구,방이동,127.1282105,서울특별시,02-410-1322,올림픽공원 실내테니스장,서울특별시 송파구 올림픽로 424 (방이동),
28,폐업,35.83628744,테니스장,,장동,128.5122459,대구광역시,053-803-4251,성서소각장테니스장,대구광역시 달서구 성서공단로 257(장동),대구광역시 달서구 장동 306-71
29,정상운영,37.48211007,테니스장,중구,운남동,126.5517455,인천광역시,032-760-7139,송산배수지 상부 테니스장,,인천 중구 운남동 1640-8
30,정상운영,35.37762612,테니스장,양산시,평산동,129.1434299,경상남도,055-392-3403,(테니스장-03) 웅상체육공원,경상남도 양산시 배움터길 60-19(평산동),경상남도 양산시 평산동 283 웅상체육공원
31,정상운영,37.04571617,테니스장,봉화군,석포리,129.0672486,경상북도,054-679-6644,석포테니스장,경상북도 봉화군 석포면 석포로 170-1 (영풍아파트),경상북도 봉화군 석포면 석포리 460 영풍아파트
32,정상운영,35.48427989,테니스장,양산시,초산리,129.0831166,경상남도,055-392-3403,(테니스장-06) 삼수권역체육공원,경상남도 양산시 하북면 충렬로 1699,경상남도 양산시 하북면 초산리 163
33,정상운영,35.34856074,테니스장,양산시,북부동,129.0354974,경상남도,055-392-3404,(테니스장-01) 양산종합운동장,경상남도 양산시 양산대로 849 (북부동),경상남도 양산시 북부동 533 양산종합운동장
34,정상운영,36.94353531,테니스장,봉화군,현동리,129.0050427,경상북도,054-679-6644,소천테니스장,,경북 봉화군 소천면 현동리 1136
35,정상운영,35.41161583,테니스장,양산시,삼호동,129.1822946,경상남도,055-392-3403,(테니스장-04) 서창운동장,경상남도 양산시 대운9길 16-85(삼호동),경상남도 양산시 삼호동 157
36,정상운영,36.49787653,테니스장,양산시,내송리,127.265434,경상남도,055-392-3403,(테니스장-10) 삽량체육공원,경상남도 양산시 동면 내송로 21[*미고시],경상남도 양산시 동면 내송리 산70-8
37,정상운영,35.30485099,테니스장,양산시,금산리,129.0198469,경상남도,055-392-3404,(테니스장-02) 수질정화공원,경상남도 양산시 동면 강변로 54,경상남도 양산시 동면 금산리 1216-27
38,정상운영,35.49982749,테니스장,양산시,지산리,129.0801489,경상남도,055-392-3403,(테니스장-07) 하북지산,경상남도 양산시 하북면 지내마을길 18,경상남도 양산시 하북면 지산리 46-1 지내마을회관
39,정상운영,37.1995372,테니스장,화성시,,126.8314774,경기도,031-5189-6188,화성시청 테니스장,경기도 화성시 동탄대로47번길 18(장지동),경기도 화성시 장지동 164-5
40,정상운영,37.21451892,테니스장,수원시,송산동,127.0211309,경기도,031-228-4301,화산체육공원,경기도 화성시 태안로 263 (송산동),
41,정상운영,37.17940588,테니스장,오산시,세교동,127.0421266,경기도,,세교2 실외테니스장,경기도 오산시 수목원로 541(세교동),경기도 오산시 세교동 627
42,정상운영,37.22421308,테니스장,화성시,,127.0763902,경기도,031-369-6273,테니스장(동학산공원(14호)),화성시 석우동 4,화성시 석우동 4
43,정상운영,37.16661735,테니스장,화성시,,126.7092544,경기도,031-369-6273,테니스장(서신생활체육시설),화성시 서신면 매화리 276-3,화성시 서신면 매화리 276-3
44,정상운영,37.74553264,테니스장,강화군,,126.520247,인천광역시,032-930-3228,강화클럽 테니스장,인천 강화군 강화읍 용정리 921-2,인천 강화군 강화읍 용정리 921-2
45,정상운영,37.21800543,테니스장,화성시,,127.0316595,경기도,031-369-6273,테니스장(진안공공공지),화성시 진안동 933 ,화성시 진안동 933 
46,정상운영,37.22039156,테니스장,화성시,배양동,126.9893999,경기도,031-369-6273,야생초공원(테니스장),경기도 화성시 융건로 105 (배양동),경기도 화성시 배양동 69-272
47,정상운영,37.2233994,테니스장,화성시,기안동,126.9774649,경기도,031-369-6273,해피트리공원(테니스장),경기도 화성시 효행로291번길 24 (기안동),경기도 화성시 기안동 910 신일해피트리아파트
48,정상운영,37.17028087,테니스장,화성시,,126.7670878,경기도,031-369-6273,테니스장(한화 바이오밸리),화성시 마도면 청원리 1249,화성시 마도면 청원리 1249
49,정상운영,37.74752607,테니스장,강화군,용정리,126.5221449,인천광역시,032-930-3228,고인돌클럽 테니스장,인천광역시 강화군 강화읍 해안북로 155,인천광역시 강화군 강화읍 용정리 6-8 고인돌테니스장
50,정상운영,37.63524173,테니스장,강화군,온수리,126.4973784,인천광역시,032-930-3228,강남 테니스장,인천광역시 강화군 길상면 길상로 244,인천광역시 강화군 길상면 온수리 605-26
51,정상운영,37.77621206,테니스장,강화군,,126.304834,인천광역시,032-930-3228,교동테니스장,,인천 강화군 교동면 상용리 876-11
52,정상운영,37.07795567,테니스장,화성시,,126.8342659,경기도,031-369-6273,테니스장(장안남산체육공원),화성시 장안면 사랑리 2-4,화성시 장안면 사랑리 2-4
53,정상운영,37.07635993,테니스장,화성시,,126.7914637,경기도,031-369-6273,테니스장(조암 공공하수처리장),화성시 우정읍 화산리 194,화성시 우정읍 화산리 194
54,정상운영,37.66468028,테니스장,강화군,,126.3489164,인천광역시,032-930-3228,매음리 테니스장,,인천 강화군 삼산면 매음리 265-7
55,정상운영,37.20547321,테니스장,화성시,,127.1065251,경기도,031-369-6273,테니스장(동탄1호체육공원),화성시 영천동 670-2,화성시 영천동 670-2
56,정상운영,37.13345498,테니스장,화성시,,126.9290266,경기도,031-369-6273,테니스장(도원체육공원),화성시 향남읍 행정리 478 ,화성시 향남읍 행정리 478 
57,정상운영,37.006933,테니스장,평택시,숙성리,126.982922,경기도,031-8024-8242 ,오성 체육시설 테니스장,경기도 평택시 오성면 숙성시장길 54-7,
58,정상운영,36.98937483,테니스장,평택시,현화리,126.9172583,경기도,031-8024-8242 ,안중 학현근린공원 테니스장,경기도 평택시 안중읍 서동대로 1489,
59,정상운영,36.96324113,테니스장,평택시,만호리,126.8504961,경기도,031-8024-8242 ,포승 만도체육시설 테니스장,경기도 평택시 포승읍 연암길 46 (만도아파트),
60,정상운영,37.20401189,테니스장,화성시,,127.0636047,경기도,031-369-6273,테니스장(동탄센트럴파크),화성시 반송동 59  ,화성시 반송동 59  
61,정상운영,37.21604011,테니스장,화성시,,126.7236211,경기도,031-369-6273,테니스장(사강리 동네 체육시설),"화성시 송산면 사강리 365-25, 357-4","화성시 송산면 사강리 365-25, 357-4"
62,정상운영,37.54503589,테니스장,서구,심곡동,126.6755957,인천광역시,032-560-4745,청사2부지 테니스장,인천광역시 서구 서곶로 307 (심곡동),
63,정상운영,35.62452935,테니스장,북구,상안동,129.3448701,울산광역시,,상안테니스장,울산광역시 북구 농서로 9-1 (상안동),울산광역시 북구 상안동  26-2
64,정상운영,36.02088225,테니스장,서천군,성주리,126.7022161,충청남도,041-950-6859,장항테니스장,충청남도 서천군 장항읍 성주길16번길 10-6,
65,정상운영,37.75300445,테니스장,강릉시,홍제동,128.8751686,강원도,,시청테니스장,강원도 강릉시 강릉대로 33 (홍제동),강원도 강릉시 홍제동  1001 강릉시청
66,정상운영,37.47555874,테니스장,,가좌동,126.6772121,인천광역시,032-440-4084,가좌테니스장,인천광역시 서구 가좌로11번길 7 (가좌동),
67,정상운영,37.39649213,테니스장,광주시,중대동,127.2308413,경기도,031-760-3722,중대 테니스장,경기도 광주시 순암로 175 (중대동),경기도 광주시 중대동  5-4
68,정상운영,37.2935667,테니스장,광주시,유정리,127.3268807,경기도,031-760-3722,도척그린공원테니스장,경기도 광주시 도척면 도척로 690,경기도 광주시 도척면 유정리 211-5
69,정상운영,34.93876123,테니스장,순천시,연향동,127.5210244,전라남도,061-749-8483,생활체육테니스장,전라남도 순천시 팔마로 333 (연향동),
70,정상운영,,테니스장,홍성군,,,충청남도,,광천생활체육공원테니스장,,
71,정상운영,35.59085496,테니스장,북구,신현동,129.4192518,울산광역시,,무룡테니스장,울산광역시 북구 구남1길 53-1 (신현동),울산광역시 북구 신현동  산210-4
72,정상운영,37.29754926,테니스장,원주시,반계리,127.8026897,강원도,,문막공단테니스장,강원도 원주시 문막읍 문막공단길 42,강원도 원주시 문막읍 반계리 5-2
73,정상운영,37.48010578,테니스장,,십정동,126.6915918,인천광역시,032-440-4325,"열우물테니스,스쿼시경기장",인천광역시 부평구 열우물로 164 (십정동),
74,정상운영,37.18580622,테니스장,영월군,영흥리,128.4781053,강원도,033-370-2918,금강테니스장,강원도 영월군 영월읍 금강공원길 143,강원도 영월군 영월읍 영흥리 80-2
75,정상운영,,테니스장,노원구,,,서울특별시,02-2289-6854,공릉배수지테니스장,,
76,정상운영,,테니스장,제주시,,,제주특별자치도,,한림테니스장,,
77,정상운영,,테니스장,김해시,,,경상남도,,한림테니스장,,
78,정상운영,37.56633904,테니스장,하남시,망월동,127.1960221,경기도,031-790-5250,종합운동장테니스장,경기도 하남시 아리수로 600 (망월동),경기도 하남시 망월동  200
79,정상운영,,테니스장,울진군,,,경상북도,,울진종합운동장테니스장,,
80,정상운영,38.37566258,테니스장,고성군,상리,128.4635968,강원도,033-6803-714,간성테니스장,강원도 고성군 간성읍 수성로 111,강원도 고성군 간성읍 상리 439-1 종합운동장
81,정상운영,37.4695302,테니스장,부천시,,126.8041089,경기도,032-625-2501,소사1배수지테니스장,경기 부천시 소사본동 297-5,경기 부천시 소사본동 297-5
82,정상운영,35.32853726,테니스장,기장군,방곡리,129.1838921,부산광역시,051-709-4121,정관체육시설테니스장,부산광역시 기장군 정관읍 정관중앙로 138-11,부산광역시 기장군 정관읍 방곡리 442
83,정상운영,37.8645663,테니스장,춘천시,석사동,127.7558574,강원도,,호반테니스장,강원도 춘천시 우석로 102-1 (석사동),강원도 춘천시 석사동 77 호반테니스장
84,정상운영,37.51300122,테니스장,송파구,,127.1407531,서울특별시,,오륜테니스장,방이동 439-8,서울 송파구 방이동 439-8
85,정상운영,,테니스장,고양시,,,경기도,,고양시립테니스장,,성사동 산 552
86,정상운영,35.86279245,테니스장,서구,중리동,128.5331595,대구광역시,053-663-2173,상리테니스장,대구광역시 서구 평리로17길 45 (중리동),
87,정상운영,35.11227216,테니스장,사천시,봉계리,127.9417592,경상남도,055-831-2421,곤명테니스장,경상남도 사천시 곤명면 원전새길 64,
88,정상운영,37.77618338,테니스장,홍천군,창촌리,128.3945188,강원도,033-430-4505,내면테니스장,강원도 홍천군 내면 대한동길 10-9,
89,정상운영,37.9713221,테니스장,포천시,,127.3266491,경기도,,영북테니스장,일동면 수입리 69-9,경기 포천시 일동면 수입리 69-9
90,정상운영,,테니스장,순창군,,,전라북도,063-650-5525,공설운동장다목적구장,,
91,정상운영,35.19393887,테니스장,동래구,,129.0641526,부산광역시,051-500-2133,사직종합운동장테니스장,,사직2동 930
92,정상운영,34.77190532,테니스장,영암군,난전리,126.4066594,전라남도,061-470-6891,마골테니스장,전라남도 영암군 삼호읍 대불로 533-6,
93,정상운영,34.99100603,테니스장,무안군,,126.4813282,전라남도,,무안테니스장,무안읍 성동리 712,전남 무안군 무안읍 성동리 712
94,정상운영,36.59548211,테니스장,문경시,모전동,128.1862564,경상북도,054-550-6093,문경시민정구장,경상북도 문경시 점고길 20 (모전동),경상북도 문경시 모전동  500 실내정구장
95,정상운영,37.77377603,테니스장,옹진군,소청리,124.7508604,인천광역시,032-899-2262,소청리테니스장,인천광역시 옹진군 대청면 소청동로 69-13,
96,정상운영,35.58344674,테니스장,장수군,신창리,127.3935315,전라북도,063-350-5552,산서체육공원 테니스장,전라북도 장수군 산서면 신덕길 10-15,
97,정상운영,35.25434372,테니스장,장성군,주산리,126.6714377,전라남도,061-390-7255,삼계테니스장,전라남도 장성군 삼계면 주산2길 12,
98,정상운영,,테니스장,당진시,,,충청남도,,합덕읍테니스장,,
99,정상운영,37.51894831,테니스장,부평구,삼산동,126.7521763,인천광역시,032-509-6973,삼산테니스장,인천광역시 부평구 두레로 34-7 (삼산동),
100,정상운영,37.32610977,테니스장,용인시,,127.1048222,경기도,,수지레스피아테니스장,죽전동 1003-235,경기 용인시 수지구 죽전동 1003-235
101,정상운영,,테니스장,남동구,,,인천광역시,,남동종합문화체육4호광장테니스장,,
102,정상운영,,테니스장,천안시,,,충청남도,,병천체육시설,,
103,정상운영,,테니스장,양구군,,,강원도,033-480-2961,해안면테니스장,,
104,정상운영,34.61552354,테니스장,고흥군,호형리,127.3003186,전라남도,061-830-6728,고흥생활체육공원 테니스장,전라남도 고흥군 고흥읍 고흥로 1892-67,전라남도 고흥군 고흥읍 호형리 914
105,정상운영,,테니스장,전주시,,,전라북도,063-281-2937,덕진체련공원테니스장,,
106,정상운영,37.23846226,테니스장,삼척시,도계리,129.0464236,강원도,,도원테니스장,강원도 삼척시 도계읍 도계우회로 74,강원도 삼척시 도계읍 도계리 315-2
107,정상운영,37.84033955,테니스장,파주시,,126.746397,경기도,031-940-5234,탄현체육공원 테니스장,문산읍 내포리 산140-1,
108,정상운영,37.825878,테니스장,가평군,대곡리,127.5039072,경기도,031-580-2147,가평테니스장,경기도 가평군 가평읍 문화로 131,
109,정상운영,37.22013055,테니스장,정선군,조동리,128.6715453,강원도,033-560-2635,신동테니스장,강원도 정선군 신동읍 새골2길 3-1,강원도 정선군 신동읍 조동리 223-1
110,정상운영,35.83243606,테니스장,,월암동,128.495556,대구광역시,053-803-6034,성서산업단지체육시설내테니스장,대구광역시 달서구 성서공단로22길 25 (월암동),대구광역시 달서구 월암동  1-18
111,정상운영,,테니스장,목포시,,,전라남도,061-284-2035,부주산테니스장,,
112,정상운영,34.76099406,테니스장,여수시,오림동,127.7228875,전라남도,061-659-4683,진남테니스장,전라남도 여수시 진남체육관길 74 (오림동),전라남도 여수시 오림동  104 진남경기장
113,정상운영,35.06191915,테니스장,함평군,내교리,126.5128247,전라남도,061-322-2613,구룡테니스장,전라남도 함평군 함평읍 내대화길 77,전라남도 함평군 함평읍 내교리 272 함평초등학교
114,정상운영,,테니스장,영주시,,,경상북도,,영주시민테니스장,가흥1동 산21-1,가흥1동 산21-1
115,정상운영,36.30307261,테니스장,옥천군,문정리,127.5758051,충청북도,043-730-4884,옥천공설정구장,충청북도 옥천군 옥천읍 관성로 53,
116,정상운영,37.64441745,테니스장,노원구,,127.0508165,서울특별시,02-2289-6854,초안산근린공원테니스장,월계동 산 1,서울 노원구 월계동 산 1
117,정상운영,37.60837839,테니스장,김포시,,126.7668112,경기도,031-980-2586,고촌파르코스공원테니스장,고촌면 신곡리 산58-12,경기 김포시 고촌읍 신곡리 산 58-12
118,정상운영,35.5574011,테니스장,정읍시,상동,126.8659458,전라북도,063-539-5255,상동테니스장,전라북도 정읍시 상동중앙로 2 (상동),
119,정상운영,36.16497619,테니스장,영동군,매천리,127.7832989,충청북도,043-740-5995,실내테니스장,충청북도 영동군 영동읍 영동황간로 123,
120,폐업,37.18589063,테니스장,영월군,하송리,128.4613169,강원도,033-370-2918,구 보건소 테니스장,강원도 영월군 영월읍 하송로 46-43,
121,정상운영,36.23709577,테니스장,군위군,동부리,128.5738995,경상북도,054-380-7213,군위종합테니스장,경상북도 군위군 군위읍 군청로 158,
122,정상운영,,테니스장,창원시,,,경상남도,,대방체육공원테니스장,,
123,정상운영,35.7329761,테니스장,장수군,봉덕리,127.5313889,전라북도,063-350-5552,천천 전천후체육관 테니스장,전라북도 장수군 천천면 고금길 3,
124,정상운영,,테니스장,김제시,,,전라북도,,시민운동장테니스장,,
125,정상운영,36.96192498,테니스장,평택시,,127.0528836,경기도,031-8024-3391,안정근린공원팽성테니스장,팽성읍 송화리 27-4,
126,정상운영,36.43151173,테니스장,,송강동,127.3867508,대전광역시,042-270-4481,송강실내테니스장,대전광역시 유성구 대덕대로 1173 (송강동),
127,정상운영,34.85185549,테니스장,거제시,서정리,128.5815351,경상남도,055-639-3914,거제스포츠파크테니스장,경상남도 거제시 거제면 거제남서로 3485-17,
128,정상운영,37.75551717,테니스장,의정부시,금오동,127.0678504,경기도,031-828-6882,행정타운실내배드민턴장,경기도 의정부시 금오로23번길 28 (금오동),경기도 의정부시 금오동  225-2
129,정상운영,35.40018793,테니스장,군산시,,127.3738107,전라북도,,월명공원테니스장,금동 9-1,금동 9-1
130,정상운영,37.4985909,테니스장,부천시,원미동,126.79642,경기도,032-625-2501,원미운동장 테니스장,경기도 부천시 소사로 457 (원미동),경기도 부천시 원미동 14-1 원미공원테니스장
131,정상운영,34.75684737,테니스장,영암군,용앙리,126.4510446,전라남도,061-470-6891,삼호테니스장,전라남도 영암군 삼호읍 대불주거9로 27,
132,정상운영,,테니스장,창원시,,,경상남도,,중앙체육공원테니스장,,
133,정상운영,35.91163096,테니스장,,서변동,128.598055,대구광역시,053-605-8108,신천하수처리장테니스장,대구광역시 북구 조야로2길 209 (서변동),
134,정상운영,37.28851677,테니스장,용인시,신갈동,127.0985495,경기도,031-324-6051,신갈고가하부테니스장,,경기 용인시 기흥구 신갈동 536-27
135,폐업,37.54021799,테니스장,,신장동,127.2123265,,02-2144-8055,하남시테니스연합회신장코트,경기도 하남시 하남대로776번길 14-25 (신장동),
136,정상운영,37.774696,테니스장,강릉시,교동,128.8965989,강원도,,강릉테니스장,강원도 강릉시 종합운동장길 69 (교동),강원도 강릉시 교동  2-10 강릉종합운동장
137,정상운영,,테니스장,아산시,,,충청남도,,강변테니스장,,
138,정상운영,35.95082525,테니스장,군산시,산월리,126.8156544,전라북도,,군산국민체육센터테니스장,전라북도 군산시 대야면 석화로 63-15,전라북도 군산시 대야면 산월리 795-1 군산국민체육센터
139,정상운영,37.20172014,테니스장,여주시,,127.5337279,경기도,,가남체육공원테니스장,가남읍 태평리 533-2,경기 여주시 가남읍 태평리 533-2
140,정상운영,36.31375939,테니스장,보령시,옥동리,126.6039303,충청남도,041-930-4970,보령테니스장,충청남도 보령시 남포면 보령남로 347,충청남도 보령시 남포면 옥동리 331-11
141,정상운영,,테니스장,여수시,학동,,전라남도,061-659-4670,여천시립테니스장,전라남도 여수시 시청로 1 (학동),전라남도 여수시 학동 100 여수시청 본청사
142,정상운영,37.54607252,테니스장,용산구,한남동,127.0028969,서울특별시,02-2199-7593,응봉근린공원한남구민테니스장,서울특별시 용산구 한남대로 204 (한남동),서울특별시 용산구 한남동 726-370
143,정상운영,34.88233118,테니스장,거제시,능포동,128.7379767,경상남도,055-639-3914,능포테니스장,경상남도 거제시 능포로8길 21 (능포동),
144,정상운영,,테니스장,완주군,,,전라북도,,완주산업단지제2테니스장,,
145,정상운영,,테니스장,양평군,,,경기도,,서종생활체육공원테니스장,,
146,정상운영,35.23106648,테니스장,창원시,,128.6956941,경상남도,,창원종합테니스장,토월동 709,경남 창원시 성산구 토월동 709
147,정상운영,37.22443761,테니스장,용인시,,127.188319,경기도,,용인실내종합테니스장,남동 산38-2,경기 용인시 처인구 남동 산 38-2
148,정상운영,34.67553592,테니스장,장흥군,,126.897437,전라남도,061-860-0256,장흥공공테니스장,,전남 장흥군 장흥읍 남외리 2-9
149,정상운영,35.99972448,테니스장,청주시,,128.6215597,충청북도,043-271-9189,청주솔밭정구장,송정동 산10-1번지,송정동 산10-1번지
150,정상운영,,테니스장,완주군,,,전라북도,,완주산업단지테니스장,,
151,정상운영,,테니스장,김해시,,,경상남도,,금병공원테니스장,,
152,정상운영,,테니스장,남동구,,,인천광역시,,남동공단근린공원테니스장,,
153,정상운영,37.50843874,테니스장,동작구,,126.9272661,서울특별시,02-817-2070,노량진근린공원 테니스장,대방동 23-189,서울 동작구 대방동 23-189
154,정상운영,36.98186767,테니스장,진천군,회죽리,127.4222253,충청북도,043-531-0153,진천선수촌 테니스/정구장,충청북도 진천군 광혜원면 선수촌로 105,
155,정상운영,,테니스장,해운대구,,,부산광역시,051-749-4122,좌동테니스장,,
156,정상운영,,테니스장,충주시,,,충청북도,043-845-0180,충주시클린에너지파크테니스장,,
157,정상운영,38.20430107,테니스장,양구군,임당리,128.0440261,강원도,033-480-2319,동면테니스장,강원도 양구군 동면 금강산로 1717,강원도 양구군 동면 임당리 544
158,정상운영,,테니스장,북구,,,광주광역시,,중외공원테니스장,,
159,정상운영,35.14836103,테니스장,창원시,도만동,128.6554537,경상남도,055-5484-066,장복테니스장,경상남도 창원시 진해구 충무로 43 (도만동),경상남도 창원시 진해구 도만동 1 진해공설운동장
160,정상운영,37.71564122,테니스장,양주시,,126.9406378,경기도,,장흥테니스장, 장흥면 일영리 155-2,경기 양주시 장흥면 일영리 155-2
161,정상운영,35.43200355,테니스장,목포시,,129.1721212,전라남도,061-270-8372,유달시립정구장,,용당동 1069
162,정상운영,,테니스장,성북구,,,서울특별시,02-6925-7003,정릉북악간이체육시설,,
163,정상운영,37.25163194,테니스장,정선군,무릉리,128.776681,강원도,033-560-2656,증산테니스장,강원도 정선군 남면 무릉1로 12,강원도 정선군 남면 무릉리 425
164,정상운영,,테니스장,남동구,,,인천광역시,,남동종합문화체육3호광장테니스장,,
165,정상운영,37.29575911,테니스장,여주시,,127.5841283,경기도,,능서레포츠공원테니스장,능서면 신지리 254-2,경기 여주시 능서면 신지리 254-2
166,정상운영,34.31714792,테니스장,완도군,가용리,126.7355676,전라남도,061-550-5466,완도군립테니스장2,전라남도 완도군 완도읍 청해진동로 63,전라남도 완도군 완도읍 가용리 56
167,정상운영,36.42935814,테니스장,청양군,적누리,126.7968567,충청남도,041-940-4864,청양군테니스장,충청남도 청양군 청양읍 누레기길 5-2,충청남도 청양군 청양읍 적누리 343-1 청양군 적누리 테니스장
168,정상운영,35.85188782,테니스장,수성구,범어동,128.6303938,대구광역시,053-666-2183,구민테니스장,대구광역시 수성구 달구벌대로488길 79 (범어동),
169,정상운영,35.28112432,테니스장,곡성군,교촌리,127.28749,전라남도,,곡성정구장,전라남도 곡성군 곡성읍 학교로 56,
170,정상운영,,테니스장,익산시,,,전라북도,063-859-4616,중앙체육공원테니스장,,
171,정상운영,36.87002669,테니스장,진천군,,127.4114031,충청북도,043-539-3614,진천공설테니스장,진천읍 장관리 697-1,
172,정상운영,36.67641649,테니스장,예산군,향천리,126.8610185,충청남도,041-339-8264,예산군테니스장,충청남도 예산군 예산읍 예산로 354,
173,정상운영,37.48253772,테니스장,울릉군,사동리,130.8928225,경상북도,054-790-6372,울릉사동테니스장,경상북도 울릉군 울릉읍 사동리 90-1,경상북도 울릉군 울릉읍 사동리 12-2
174,정상운영,37.49517873,테니스장,양평군,,127.4869265,경기도,,갈산생활체육공원테니스장,양평읍 양근리 645-2,경기 양평군 양평읍 양근리 645-2
175,정상운영,35.18295444,테니스장,진주시,충무공동,128.1358517,경상남도,055-749-2126,진주종합경기장테니스장,경상남도 진주시 동진로 415 (충무공동),
176,정상운영,34.98648185,테니스장,삼척시,,128.0461384,강원도,,교동테니스장,남양동 142-2,남양동 142-2
177,정상운영,37.49375649,테니스장,양평군,,127.398046,경기도,,강하생활체육공원테니스장,강하면 운심리,경기 양평군 강하면 운심리
178,정상운영,37.82925432,테니스장,파주시,,126.8493566,경기도,,연풍리체육공원테니스장,파주읍 연풍리 10-13,경기 파주시 파주읍 연풍리 10-13
179,정상운영,,테니스장,제주시,,,제주특별자치도,,제주시생활체육공원테니스장,,
180,정상운영,36.27763432,테니스장,부여군,나복리,126.8645078,충청남도,041-830-2225,종합운동장테니스장,충청남도 부여군 규암면 호수로 82,충청남도 부여군 규암면 나복리 456
181,정상운영,,테니스장,양평군,,,경기도,,양동레포츠공원테니스장,,
182,정상운영,35.88253373,테니스장,,방천리,128.509347,대구광역시,053-803-5421,환경자원사업소테니스장,대구광역시 달성군 다사읍 다사로 820,
183,정상운영,35.34675095,테니스장,창원시,마산리,128.6185392,경상남도,055-212-4063,북면공설운동장테니스장,경상남도 창원시 의창구 북면 정렬대로 1115,
184,정상운영,36.88852433,테니스장,봉화군,,128.7308714,경상북도,054-679-6133,봉화체육공원테니스장,,
185,정상운영,34.61444842,테니스장,고흥군,남계리,127.2916531,전라남도,061-830-6728,고흥군민회관테니스장,전라남도 고흥군 고흥읍 고흥로 1852-23,전라남도 고흥군 고흥읍 남계리 247 테니스장
186,정상운영,,테니스장,금산군,,,충청남도,,종합운동장테니스장,,
187,정상운영,34.98203257,테니스장,광양시,석사리,127.5730717,전라남도,061-797-3900,광양시립테니스장,전라남도 광양시 봉강면 매천로 685,
188,정상운영,37.38240808,테니스장,의왕시,내손동,126.9836502,경기도,031-345-2544,내손약수체육시설테니스장,경기도 의왕시 정우2길 6-1 (내손동),경기도 의왕시 내손동  529 내손테니스장
189,정상운영,37.5273097,테니스장,,자양동,127.077834,서울특별시,,한강시민공원뚝섬지구테니스장,서울특별시 광진구 강변북로 139 (자양동),
190,정상운영,,테니스장,고양시,,,경기도,,성라공원테니스장,,성사동 269
191,정상운영,35.9316464,테니스장,북구,태전동,128.5461577,대구광역시,053-665-4322,태전테니스장,대구광역시 북구 칠곡중앙대로 397-20 (태전동),대구광역시 북구 태전동  938
192,정상운영,37.30321494,테니스장,여주시,,127.619075,경기도,,하동테니스장,여주시 하동 19-5,경기 여주시 하동 19-5
193,정상운영,36.49787653,테니스장,영등포구,대림동,127.265434,서울특별시,02-2670-3522,대림운동장 테니스장,서울특별시 영등포구 가마산로31길 16 (대림동)[*미고시],
194,정상운영,37.46234746,테니스장,성남시,,127.1625458,경기도,031-729-3055,양지테니스장,양지동 986번지,경기 성남시 수정구 양지동 986
195,정상운영,36.09931949,테니스장,포항시,초곡리,129.3370443,경상북도,054-270-2804,흥해옥성테니스장,경상북도 포항시 북구 흥해읍 동해대로1459번길 83,경상북도 포항시 북구 흥해읍 초곡리 103-1
196,정상운영,35.26623802,테니스장,창원시,동정동,128.6170547,경상남도,055-212-4063,의창스포츠파크테니스장,경상남도 창원시 의창구 천주로56번길 14 (동정동),
197,정상운영,,테니스장,서초구,,,서울특별시,02-533-7509,잠원스포츠파크테니스장,,
198,정상운영,36.98154005,테니스장,진천군,회죽리,127.4231333,충청북도,043-531-0153,진천선수촌 실내테니스장,충청북도 진천군 광혜원면 선수촌로 105,
199,정상운영,37.49237411,테니스장,정선군,송계리,128.8641154,강원도,033-560-2547,임계테니스장,강원도 정선군 임계면 장찬동길 86-11,강원도 정선군 임계면 송계리 341-1
200,정상운영,,테니스장,당진시,,,충청남도,,합덕산업단지테니스장,,
201,정상운영,37.58887581,테니스장,종로구,삼청동,126.9828081,서울특별시,02-2148-1892,삼청테니스장,서울특별시 종로구 삼청로 156 (삼청동),
202,정상운영,36.98990051,테니스장,단양군,별곡리,128.3675227,충청북도,043-420-2582,단양공설정구장,충청북도 단양군 단양읍 삼봉로 376,
203,정상운영,35.99454397,테니스장,포항시,괴정리,129.3473192,경상북도,054-270-2804,연일테니스장,경상북도 포항시 남구 연일읍 동문로53번길 40-15,경상북도 포항시 남구 연일읍 괴정리 84-1
204,정상운영,34.82226297,테니스장,통영시,,128.4051583,경상남도,055-650-4722,미수소운동장테니스장,경남 통영시 미수동 152-1,경남 통영시 미수동 152-1
205,정상운영,36.99393293,테니스장,평택시,,127.0646336,경기도,031-8024-3351,신대레포츠공원테니스장,신대동 621-10,
206,정상운영,37.47512341,테니스장,관악구,봉천동,126.9574562,서울특별시,02-2081-2660,구민테니스장,서울특별시 관악구 낙성대로 40 (봉천동),서울특별시 관악구 봉천동  산56-117 구민운동장
207,정상운영,37.32871694,테니스장,용인시,,127.0990352,경기도,031-324-8051,수지체육공원테니스장,풍덕천동 산13-1,경기 용인시 수지구 풍덕천동 산 13-1
208,정상운영,,테니스장,김포시,,,경기도,031-980-2586,종합운동장내테니스장,경기도 김포시 돌문로15번길 36-10 (사우동),경기도 김포시 사우동 278-5 김포시사계절스케이트장
209,정상운영,34.89466985,테니스장,통영시,,128.4117549,경상남도,055-650-4722,노산테니스장,경남 통영시 광도면 노산리 46-19,경남 통영시 광도면 노산리 46-19
210,정상운영,37.33239112,테니스장,용인시,,127.0588562,경기도,031-324-8051,신봉동고가하부테니스장,신봉동 539-9,경기 용인시 수지구 신봉동 539-9
211,정상운영,34.85010205,테니스장,통영시,,128.4290373,경상남도,055-650-4722,공설테니스장,정량동162-32,경남 통영시 정량동 162-32
212,정상운영,35.72350439,테니스장,달성군,남리,128.4558939,대구광역시,053-668-2182,논공테니스장,대구광역시 달성군 논공읍 논공로 240,
213,정상운영,35.85248052,테니스장,,두류동,128.5571933,대구광역시,053-602-2002,두류테니스장,대구광역시 달서구 야외음악당로 194 (두류동),대구광역시 달서구 두류동  597
214,정상운영,36.48464909,테니스장,보은군,이평리,127.7282219,충청북도,043-540-3742,보은테니스장,충청북도 보은군 보은읍 군청길 90,충청북도 보은군 보은읍 이평리 9-1
215,정상운영,34.872458,테니스장,신안군,신용리,126.3097567,전라남도,061-240-8368,신안테니스장,전라남도 신안군 압해읍 복룡로 118-20,
216,정상운영,35.09099855,테니스장,강서구,명지동,128.9179518,부산광역시,051-970-4121,명지동75호광장테니스장,부산광역시 강서구 을숙도대로 96 (명지동),부산광역시 강서구 명지동 2984-31
217,정상운영,,테니스장,파주시,,,경기도,,운정체육공원테니스장,,가람로 150-41
218,정상운영,37.54851935,테니스장,양평군,,127.3197028,경기도,,양서동네테니스장,양서면 양수리,경기 양평군 양서면 양수리
219,정상운영,37.44136466,테니스장,과천시,관문동,126.9963478,경기도,,문원체육공원테니스장,경기도 과천시 중앙로 294 (관문동),경기도 과천시 관문동 3 관문체육공원
220,정상운영,37.95087363,테니스장,파주시,,126.9225222,경기도,,적성체육공원테니스장,적성면 마지리 33-1,경기 파주시 적성면 마지리 33-1
221,정상운영,34.86098832,테니스장,보성군,연산리,127.3408,전라남도,061-850-5242,홍교테니스장,전라남도 보성군 벌교읍 조정래길 248-6,
222,정상운영,35.55936168,테니스장,울주군,,129.1337467,울산광역시,052-229-7663,언양어음테니스장,,
223,정상운영,35.72841867,테니스장,장수군,장계리,127.5903109,전라북도,063-350-5552,장계체육공원 테니스장,전라북도 장수군 장계면 체육공원길 40,
224,정상운영,37.15458055,테니스장,제천시,고암동,128.2200873,충청북도,043-641-5593,고암생활체육공원,충북 제천시 고암동 1135,충북 제천시 고암동 1135
225,정상운영,33.4955321,테니스장,제주시,,126.5173239,제주특별자치도,,제주종합경기장연정정구장,오라1동 1163-4,제주특별자치도 제주시 오라1동 1163-4
226,정상운영,35.23086214,테니스장,창원시,신월동,128.6940687,경상남도,055-212-4063,신월운동장테니스장,경상남도 창원시 의창구 창이대로584번길 8 (신월동),
227,정상운영,34.72449971,테니스장,남해군,,127.9803082,경상남도,055-860-8664,상주체육공원테니스장,,경남 남해군 상주면 상주리 1781-1
228,정상운영,37.54642749,테니스장,용산구,한남동,127.0038361,서울특별시,02-760-3651,응봉근린공원한남테니스장,서울특별시 용산구 다산로 8-12 (한남동),서울특별시 용산구 한남동  726-180 한남테니스장
229,정상운영,38.20997104,테니스장,양구군,현리,127.9442539,강원도,033-480-2319,방산면테니스장,강원도 양구군 방산면 평화로 5121-7,강원도 양구군 방산면 현리 50-4 방산초등학교
230,정상운영,35.30497463,테니스장,기장군,,129.24285,부산광역시,051-709-4121,월드컵빌리지,부산광역시 기장군 일광읍 체육공원1로 29,부산광역시 기장군 일광읍 원리 39 기장국민체육공원
231,정상운영,35.28560867,테니스장,영광군,,126.4988382,전라남도,061-350-4852,종합체육센터테니스장,영광읍 단주리 290,전남 영광군 영광읍 단주리 290
232,정상운영,,테니스장,강남구,,,서울특별시,02-2051-2285,대치유수지체육공원테니스장,,
233,정상운영,37.01319895,테니스장,안성시,양복리,127.3278514,경기도,031-678-6864,안성시전용정구장,경기도 안성시 보개면 종합운동장로 162,
234,정상운영,35.14857407,테니스장,창원시,,128.6549006,경상남도,,진해공설운동장테니스장,도만동 1번지,경남 창원시 진해구 도만동 1
235,정상운영,,테니스장,천안시,,,충청남도,,천안시실내테니스장,,
236,정상운영,37.94773366,테니스장,인제군,현리,128.3143708,강원도,033-460-2281,기린생활체육공원내테니스장,강원도 인제군 기린면 덕다리길 31,
237,정상운영,35.11008837,테니스장,사하구,하단동,128.9446778,부산광역시,051-271-1441,을숙도테니스장,부산광역시 사하구 낙동남로1233번길 25 (하단동),부산광역시 사하구 하단동 1151-14 을숙도 문화회관
238,정상운영,,테니스장,용인시,,,경기도,,양지체육공원테니스장,,
239,정상운영,,테니스장,아산시,,,충청남도,,이순신테니스장,,
240,정상운영,35.15266645,테니스장,고창군,,126.4983773,전라북도,,고창공설운동장테니스장,월암리 349,월암리 349
241,정상운영,37.81307602,테니스장,양주시,,126.9718903,경기도,031-8082-5646,광적생활체육공원 테니스장,광적면 광석리 132,경기 양주시 광적면 광석리 132
242,정상운영,35.25093855,테니스장,창원시,명서동,128.6369132,경상남도,055-212-4063,명서2주민운동장테니스장,경상남도 창원시 의창구 우곡로 21 (명서동),
243,정상운영,,테니스장,광주시,,,경기도,,중대테니스장,,중대동 328-1
244,정상운영,,테니스장,양양군,,,강원도,033-670-2732,낙산테니스장,,
245,정상운영,37.94610118,테니스장,동두천시,상봉암동,127.0573514,경기도,031-860-3194,소요생활체육공원테니스장,경기도 동두천시 봉동로 27 (상봉암동),경기도 동두천시 상봉암동  173
246,정상운영,37.29343883,테니스장,여주시,,127.6242232,경기도,,여주종합운동장테니스장,여주시 월송동1번지,경기 여주시 월송동 1
247,정상운영,33.48502127,테니스장,제주시,,126.5022671,제주특별자치도,,연미테니스장,제주특별자치도 제주시 연미길 97-19,제주특별자치도 제주시 오라2동 3057
248,정상운영,35.90053941,테니스장,북구,산격동,128.6049049,대구광역시,053-665-4322,연암테니스장,대구광역시 북구 연암공원로 131 (산격동),대구광역시 북구 산격동  산18-2
249,정상운영,34.79151354,테니스장,삼척시,,126.380798,강원도,,삼척시민테니스장,남양동 142-1,남양동 142-1
250,정상운영,37.63766115,테니스장,구리시,,127.1479444,경기도,031-550-3772,구리왕숙체육공원테니스장,사노동 37-2번지,경기 구리시 사노동 37-2
251,정상운영,37.90186696,테니스장,동두천시,생연동,127.0703132,경기도,031-860-3300,종합운동장테니스장,경기도 동두천시 어등로 50 (생연동),경기도 동두천시 생연동  70 작은도서관 지혜의등대
252,정상운영,,테니스장,울진군,,,경상북도,,후포생활체육공원테니스장,,
253,정상운영,35.84611416,테니스장,경주시,,129.2276025,경상북도,054-779-6158,북천생활체육공원테니스장,,경북 경주시 동천동 733-1
254,정상운영,34.30233991,테니스장,완도군,,126.7122501,전라남도,061-550-5466,완도군립테니스장1,완도읍중도리760-1,전남 완도군 완도읍 중도리 760-1
255,정상운영,35.79401406,테니스장,달성군,명곡리,128.5055161,대구광역시,053-668-2182,명곡테니스장(화원테니스장),대구광역시 달성군 화원읍 인흥1길 58,
256,정상운영,35.18374851,테니스장,진주시,상대동,128.1029896,경상남도,,모덕생활테니스장,경상남도 진주시 모덕로47번길 24 (상대동),
257,정상운영,37.45821474,테니스장,서초구,,127.0381081,서울특별시,,시민의숲테니스장,서초구 양재동 224번지외3필지,서울 서초구 양재동 224
258,정상운영,37.22443761,테니스장,용인시,,127.188319,경기도,,용인실외종합테니스장,남동 산38-2,경기 용인시 처인구 남동 산 38-2
259,정상운영,37.176392,테니스장,삼척시,호산리,129.3352434,강원도,,원덕테니스장,강원도 삼척시 원덕읍 삼척로 442,강원도 삼척시 원덕읍 호산리 240 원덕읍사무소관사
260,정상운영,35.87030143,테니스장,무주군,장기리,127.6495016,전라북도,063-320-5902,면생활체육공원(안성테니스장),전라북도 무주군 안성면 구량천로 82,
261,정상운영,35.38135646,테니스장,순창군,,127.1169458,전라북도,063-650-5525,순창공공테니스장,순창읍 백산리 산20번지,전북 순창군 순창읍 백산리 산 20
262,정상운영,36.63001413,테니스장,청주시,금천동,127.5125052,충청북도,043-284-9900,청주국제테니스장,충청북도 청주시 상당구 호미로 242 (금천동),충청북도 청주시 상당구 금천동  327
263,정상운영,,테니스장,양주시,,,경기도,,옥정배수지테니스장,,
264,정상운영,35.87339884,테니스장,,달성동,128.5759201,대구광역시,053-803-7365,달성공원테니스장,대구광역시 중구 달성공원로 35 (달성동),대구광역시 중구 달성동 294-1 달성공원
265,정상운영,35.85864436,테니스장,서구,내당동,128.5521819,대구광역시,053-663-2173,감삼테니스장,대구광역시 서구 서대구로3길 43 (내당동),
266,정상운영,37.78671376,테니스장,파주시,,126.8002595,경기도,,월롱체육공원테니스장,월롱면 위전리 58-38,경기 파주시 월롱면 위전리 58-38
267,정상운영,37.49283213,테니스장,동작구,,126.9198588,서울특별시,,보라매공원테니스장,신대방동 395번지,서울 동작구 신대방동 395
268,정상운영,36.00904676,테니스장,무주군,소천리,127.7906136,전라북도,063-320-2294,면생활체육공원(설천테니스장),전라북도 무주군 설천면 상평지길 20,
269,정상운영,,테니스장,양산시,,,경상남도,,남양산테니스장,,
270,정상운영,,테니스장,양평군,,,경기도,,옥천레포츠공원테니스장,,
271,정상운영,37.33131254,테니스장,여주시,,127.5473846,경기도,,흥천체육공원테니스장,흥천면 효지리 224,경기 여주시 흥천면 효지리 224
272,정상운영,35.42797753,테니스장,남원시,산곡동,127.3642926,전라북도,063-620-8911,왕정자연공원테니스장,전라북도 남원시 산성순환길 714 (산곡동),전라북도 남원시 산곡동  251 교룡산성관리사무소
273,정상운영,37.11806198,테니스장,제천시,신동,128.1739469,충청북도,043-6415-592,제천테니스장,충청북도 제천시 북부로 1860 (신동),충청북도 제천시 신동  653 제천시자원관리센터
274,정상운영,37.71940378,테니스장,홍천군,풍암리,128.1736506,강원도,033-430-4455,서석테니스장,강원도 홍천군 서석면 구룡령로 2402,
275,정상운영,,테니스장,산청군,,,경상남도,,삼장체육공원테니스장,,
276,폐업,37.25920713,테니스장,수원시,,127.0465975,경기도,031-228-8515,영통구청테니스장,매탄동 1268 ,경기 수원시 영통구 매탄동 1268
277,정상운영,35.80326345,테니스장,김제시,,126.903681,전라북도,,검산체육공원테니스장,,검산동
278,정상운영,37.55816015,테니스장,,,127.0068178,서울특별시,,장충테니스장,장충동2가200-102,서울 중구 장충동2가 200-102
279,정상운영,37.8529369,테니스장,춘천시,송암동,127.693218,강원도,033-2504-232,송암스포츠타운실내테니스장,강원도 춘천시 스포츠타운길 124-1 (송암동),강원도 춘천시 송암동 290 테니스장
280,정상운영,36.65672436,테니스장,예천군,동본리,128.4626101,경상북도,054-650-6417,예천군공설테니스장,경상북도 예천군 예천읍 충효로 393,경상북도 예천군 예천읍 동본리 434-1 청소년수련관
281,정상운영,35.42254031,테니스장,산청군,,127.8711442,경상남도,,산청테니스장,금서면 매촌리 1,경남 산청군 금서면 매촌리 1
282,정상운영,35.5056777,테니스장,밀양시,교동,128.744836,경상남도,055-359-5774,밀양종합운동장 부속테니스장,경상남도 밀양시 시청로 28 (교동),경상남도 밀양시 교동 1121-3 미리벌관
283,정상운영,,테니스장,합천군,,,경상남도,,봉산테니스장,,
284,정상운영,,테니스장,마포구,,,서울특별시,,망원동테니스장,,
285,폐업,37.65811605,테니스장,도봉구,창동,127.0507034,서울특별시,,창동시립테니스장,서울특별시 도봉구 노해로69길 132 (창동),서울특별시 도봉구 창동  1-6 창동운동장 및 문화체육센터
286,정상운영,37.48320186,테니스장,동구,만석동,126.6188045,인천광역시,032-770-6124,만석동복합체육시설내테니스장,인천광역시 동구 인중로 382 (만석동),
287,정상운영,,테니스장,김해시,,,경상남도,,장유능동테니스장,,
288,정상운영,37.2667798,테니스장,정선군,문곡리,128.7378611,강원도,033-560-2656,문곡테니스장,,강원 정선군 남면 문곡리 327-2
289,정상운영,,테니스장,창원시,,,경상남도,,창원덕동시립테니스장,,
290,정상운영,37.71205057,테니스장,홍천군,태학리,127.9067213,강원도,033-430-2453,홍천테니스장,강원도 홍천군 홍천읍 태학여내길 67,
291,정상운영,37.7299825,테니스장,강화군,신정리,126.5072521,인천광역시,032-930-3228,강화실내테니스장,인천광역시 강화군 선원면 고식이길 177,
292,정상운영,35.32907993,테니스장,담양군,,126.9887677,전라남도,061-380-2808,남도테니스장,,전남 담양군 담양읍 향교리 397-8
293,정상운영,,테니스장,남동구,,,인천광역시,,남동종합문화체육1호광장테니스장,,
294,정상운영,38.1092563,테니스장,양구군,,128.0370438,강원도,033-480-2319,국토정중앙면용하리생활체육공원테니스장,강원 양구군 남면 용하리 410,강원 양구군 남면 용하리 410
295,정상운영,,테니스장,,,,대구광역시,053-555-7330,성서이곡운동장테니스장,,
296,정상운영,36.43027996,테니스장,청송군,월막리,129.061864,경상북도,054-870-6572,청송군민테니스장,경상북도 청송군 청송읍 중앙로 306-39,
297,정상운영,35.76752136,테니스장,달성군,대일리,128.6502953,대구광역시,053-668-2182,가창체육공원테니스장,대구광역시 달성군 가창면 가창로 604,
298,정상운영,37.26132508,테니스장,수원시,,127.0277997,경기도,,올림픽공원테니스장,권선동 1012,경기 수원시 권선구 권선동 1012
299,정상운영,,테니스장,동구,,,광주광역시,062-608-2433,용산정구장,,
300,정상운영,35.27304998,테니스장,기장군,연구리,129.1556947,부산광역시,051-709-4121,철마체육시설테니스장,부산광역시 기장군 철마면 철마로 543,부산광역시 기장군 철마면 연구리 566
301,정상운영,36.99372794,테니스장,음성군,금석리,127.604295,충청북도,043-871-2482,금왕체육공원테니스장,충청북도 음성군 금왕읍 무극로 370,
302,정상운영,,테니스장,성북구,,,서울특별시,02-909-3497,월곡테니스장,서울특별시 성북구 화랑로13길 144 (하월곡동),서울특별시 성북구 하월곡동 산2-1 성북구민체육관
303,정상운영,,테니스장,금산군,,,충청남도,,금산군실내테니스장,,
304,정상운영,37.44502013,테니스장,성남시,금광동,127.1720641,경기도,031-729-3055,황송테니스장,경기도 성남시 중원구 금빛로2번길 35 (금광동),경기도 성남시 중원구 금광동 2449-1
305,정상운영,,테니스장,양주시,,,경기도,,신천하수처리장테니스장,,
306,정상운영,37.4650085,테니스장,정선군,여량리,128.7241467,강원도,033-560-2547,여량테니스장,강원도 정선군 여량면 고양로 74,강원도 정선군 여량면 여량리 392-2 여량119지역대
307,정상운영,37.50593211,테니스장,구로구,,126.8520083,서울특별시,02-860-3087,고척근린공원테니스장,고척2동산9-14,서울 구로구 고척2동 산 9-14
308,정상운영,,테니스장,양평군,,,경기도,,용문테니스장,,
309,정상운영,,테니스장,파주시,,,경기도,,파주스타디움(공설운동장)테니스장,,금능동 186-1
310,정상운영,38.05818967,테니스장,인제군,남북리,128.1641521,강원도,033-460-2281,인제실내테니스장,강원도 인제군 인제읍 비봉로44번길 113,
311,정상운영,37.48890682,테니스장,고양시,,126.5463302,경기도,,중산제2호근린공원테니스장,중산동 1565,중산동 1565
312,정상운영,36.30377869,테니스장,서구,정림동,127.3628898,대전광역시,042-611-6593,정림테니스장,대전광역시 서구 정림서로 181 (정림동),대전광역시 서구 정림동  402-2 서구국민체육센터
313,정상운영,36.35946964,테니스장,서구,월평동,127.3635047,대전광역시,042-611-6593,은평공원테니스장,대전광역시 서구 월평중로 55 (월평동),대전광역시 서구 월평동  313
314,정상운영,37.06605893,테니스장,평택시,이충동,127.0707081,경기도,031-8024-6302,이충레포츠공원테니스장,경기도 평택시 장안웃길 149 (이충동),
315,정상운영,37.26822162,테니스장,수원시,,127.0454125,경기도,,매탄공원테니스장,매탄4동 811,경기 수원시 영통구 매탄4동 811
316,정상운영,,테니스장,영동군,,,충청북도,043-740-5995,영동테니스장,,
317,정상운영,37.40283602,테니스장,시흥시,포동,126.7727834,경기도,,시흥시민(포동)운동장테니스장,경기도 시흥시 새우개5길 8 (포동),경기도 시흥시 포동  67-147 덕수테크
318,정상운영,38.10073114,테니스장,화천군,하리,127.6970666,강원도,033-440-2257,붕어섬테니스장,강원도 화천군 화천읍 강변로 2-54,강원도 화천군 화천읍 하리 243 붕어섬관리사무소
319,정상운영,37.55159174,테니스장,성동구,,127.0368066,서울특별시,02-2204-7650,응봉테니스장,응봉동 237-1,서울 성동구 응봉동 237-1
320,정상운영,36.27551828,테니스장,계룡시,금암동,127.2500726,충청남도,042-840-2442,금암동테니스장,충청남도 계룡시 장안로 46 (금암동),충청남도 계룡시 금암동 10 계룡시청
321,정상운영,35.14196318,테니스장,,화정동,126.8745312,광주광역시,062-613-3542,염주테니스장,"광주광역시 서구 월드컵4강로 29 (화정동, 염주주공아파트상가)",
322,정상운영,,테니스장,계양구,,,인천광역시,,서운체육공원테니스장,,
323,정상운영,36.49787653,테니스장,영광군,단주리,127.265434,전라남도,061-350-4853,종합체육센터 비가림테니스장,전라남도 영광군 영광읍 월현로 170,전라남도 영광군 영광읍 단주리 673
324,정상운영,34.47719929,테니스장,진도군,동외리,126.2800502,전라남도,061-540-3263,진도공설테니스장,전라남도 진도군 진도읍 공설운동장길 57,
325,폐업,37.25048359,테니스장,용인시,하갈동,127.0966469,경기도,031-324-6051,기흥레스피아테니스장,경기도 용인시 기흥구 기곡로 84-22 (하갈동),경기도 용인시 기흥구 하갈동  114
326,정상운영,,테니스장,나주시,,,전라남도,061-339-4522,나주시립테니스장,전라남도 나주시 죽림길 79-17 (죽림동),전라남도 나주시 죽림동 27-1 남산공원
327,정상운영,,테니스장,영주시,,,경상북도,,광복공원테니스장,,
328,정상운영,35.27991596,테니스장,곡성군,읍내리,127.2892401,전라남도,,곡성군테니스장,전라남도 곡성군 곡성읍 중앙로 59,
329,정상운영,35.69667741,테니스장,달성군,성하리,128.436288,대구광역시,053-668-2182,현풍테니스장,대구광역시 달성군 현풍면 비슬로 675,
330,정상운영,,테니스장,논산시,,,충청남도,,공설운동장테니스장,,
331,정상운영,,테니스장,충주시,,,충청북도,043-850-3902,탄금테니스장(B),,
332,정상운영,34.88214852,테니스장,통영시,,128.4597093,경상남도,055-650-4722,통영시립테니스장,경남 통영시 용남면 원평리 917-159,경남 통영시 용남면 원평리 917-159
333,정상운영,33.25795826,테니스장,서귀포시,,126.5642831,제주특별자치도,064-760-3657,표선생활체육테니스장,동홍동 1447,제주특별자치도 서귀포시 동홍동 1447
334,정상운영,37.50195773,테니스장,부천시,중동,126.7665884,경기도,032-625-2502,시청테니스장,경기도 부천시 길주로 210 (중동),경기도 부천시 중동 1156 부천시청
335,정상운영,35.89490719,테니스장,진안군,노성리,127.550204,전라북도,,안천테니스장,,전북 진안군 안천면 노성리 1222
336,정상운영,37.41041267,테니스장,성남시,,127.1206628,경기도,031-729-3055,탄천종합운동장테니스장,야탑동 486번지,경기 성남시 분당구 야탑동 486
337,정상운영,,테니스장,순창군,,,전라북도,063-650-5525,공설운동장야외테니스장,,
338,정상운영,37.38918921,테니스장,안산시,,126.6885408,경기도,031-480-7003,시립호수테니스장,고잔동713-3,고잔동713-3
339,정상운영,35.70046345,테니스장,부안군,진동리,126.722097,전라북도,063-580-4691,부안공설테니스장,전라북도 부안군 행안면 체육공원길 31,전라북도 부안군 행안면 진동리 933 부안 스포츠파크
340,정상운영,37.64416172,테니스장,노원구,,127.0582991,서울특별시,02-2289-6854,마들근린공원테니스장,상계6동 770-2,서울 노원구 상계6.7동 770-2
341,정상운영,,테니스장,서구,,,광주광역시,062-360-7193,풍암생활체육공원정구장1,,
342,정상운영,34.91344718,테니스장,거제시,송정리,128.6804995,경상남도,055-639-3914,송정체육공원,경상남도 거제시 연초면 송정1길 49,
343,정상운영,,테니스장,전주시,,,전라북도,063-281-2937,덕진체련공원유소년테니스장,,
344,정상운영,,테니스장,북구,,,광주광역시,062-520-2142,중흥정구장,,
345,정상운영,35.18756964,테니스장,진주시,신안동,128.0659945,경상남도,055-749-7435,진주공설테니스장,경상남도 진주시 신안로 137 (신안동),
346,정상운영,37.40602834,테니스장,안양시,비산동,126.9448022,경기도,031-389-5218,안양종합운동장 테니스장,경기도 안양시 동안구 평촌대로 389 (비산동),경기도 안양시 동안구 비산동  1023 안양종합운동장
347,정상운영,35.72901313,테니스장,달성군,남리,128.4504626,대구광역시,053-668-2182,달성군민운동장테니스장,대구광역시 달성군 논공읍 논공로 258,
348,정상운영,37.35436662,테니스장,군포시,금정동,126.9364538,경기도,031-390-0731,시민체육광장테니스장,경기도 군포시 산본로 267 (금정동),경기도 군포시 금정동  871 시민체육광장
349,정상운영,,테니스장,익산시,,,전라북도,,황등생활체육공원테니스장,,
350,정상운영,,테니스장,용인시,,,경기도,,시립정구장,,
351,정상운영,34.83433974,테니스장,거제시,하둔리,128.5041019,경상남도,055-639-3914,둔덕가족체육공원,경상남도 거제시 둔덕면 거제남서로 4557,
352,정상운영,,테니스장,용인시,,,경기도,,둔전체육공원테니스장,,
353,정상운영,36.59548211,테니스장,문경시,모전동,128.1862564,경상북도,054-550-6093,문경국제소프트테니스장,경상북도 문경시 점고길 20 (모전동),경상북도 문경시 모전동  500 실내정구장
354,정상운영,37.60798724,테니스장,고양시,,126.8312985,경기도,,충장체육시설테니스장,행주내동 202,경기 고양시 덕양구 행주내동 202
355,정상운영,,테니스장,광산구,,,광주광역시,062-960-9924,풍영체육시설단지정구장,,
356,정상운영,35.31646806,테니스장,의령군,서동리,128.253627,경상남도,055-570-2853,서동생활공원체육센터테니스장,경상남도 의령군 의령읍 의병로8길 44,경상남도 의령군 의령읍 서동리 543
357,정상운영,,테니스장,횡성군,,,강원도,033-340-5955,문화체육공원테니스장,,
358,정상운영,36.10334746,테니스장,칠곡군,송학리,128.5199698,경상북도,054-979-5202,가산면민운동장테니스장,경상북도 칠곡군 가산면 송신로 282,경상북도 칠곡군 가산면 송학리 78-4
359,정상운영,37.26202498,테니스장,용인시,하갈동,127.0923399,경기도,031-324-6051,기흥테니스장,,경기 용인시 기흥구 하갈동 319
360,정상운영,,테니스장,서대문구,,,서울특별시,02-330-1129,현저동테니스장,,
361,정상운영,,테니스장,해운대구,,,부산광역시,051-749-4122,좌동1배수지상부테니스장,,
362,정상운영,36.79739816,테니스장,서산시,갈산동,126.4368818,충청남도,041-660-2079,서산종합운동장 테니스장,충청남도 서산시 안견로 661 (갈산동),
363,정상운영,,테니스장,아산시,,,충청남도,,둔포하수종말처리시설테니스장,,
364,정상운영,37.14989228,테니스장,오산시,오산동,127.0774917,경기도,031-8036-7962,오산시청테니스장,경기도 오산시 성호대로 141 (오산동),경기도 오산시 오산동 915 오산시청
365,정상운영,,테니스장,,,,서울특별시,,한강시민공원광나루지구테니스장,,
366,정상운영,35.09339926,테니스장,사하구,신평동,128.9598379,부산광역시,051-220-4546,신평레포츠공원테니스장,부산광역시 사하구 하신번영로 119 (신평동),부산광역시 사하구 신평동 651-9
367,정상운영,37.14807736,테니스장,태백시,황지동,128.9932991,강원도,033-550-3837,시민테니스장,강원 태백시 황지동 621-224,강원 태백시 황지동 621-224
368,정상운영,33.25795826,테니스장,서귀포시,,126.5642831,제주특별자치도,,제주전지훈련센터테니스장,동홍동 1447,제주특별자치도 서귀포시 동홍동 1447
369,정상운영,,테니스장,금천구,,,서울특별시,02-855-8649,독산테니스장,,
370,폐업,37.15570916,테니스장,오산시,오산동,127.0702696,경기도,031-8036-7962,오산테니스장,경기도 오산시 오산천로 267 (오산동),경기도 오산시 오산동 345-2
371,정상운영,37.13345498,테니스장,화성시,,126.9290266,경기도,,도원체육공원테니스장,향남읍 행정리 478,경기 화성시 향남읍 행정리 478
372,정상운영,37.54662162,테니스장,하남시,신장동,127.2195846,경기도,031-790-5667,하남유니온파크 테니스장,경기도 하남시 미사대로 710 (신장동),경기도 하남시 신장동 27 하남시환경기초시설
373,정상운영,,테니스장,강남구,,,서울특별시,02-2176-0810,포이테니스장,,포이동 274번지
374,정상운영,35.84619112,테니스장,경주시,,129.2275338,경상북도,054-779-6158,강변테니스장,,경북 경주시 동천동 733-1
375,정상운영,35.56620081,테니스장,울주군,,129.2239582,울산광역시,052-229-7663,범서천상테니스장,,
376,정상운영,,테니스장,금정구,,,부산광역시,051-509-1601,부산교통공사노포차량기지테니스장,,
377,정상운영,,테니스장,,,,부산광역시,,화명생태공원테니스장,,
378,정상운영,35.3162056,테니스장,의령군,,128.2673899,경상남도,,의령공설운동장테니스장,의령군 의령읍 동동리 821,경남 의령군 의령읍 동동리 821
379,정상운영,35.75717738,테니스장,합천군,황산리,128.1365133,경상남도,055-930-4277,가야테니스장,경남 합천군 가야면 황산리 61-16,경남 합천군 가야면 황산리 61-16
380,정상운영,37.77724035,테니스장,강화군,신봉리,126.4108598,인천광역시,032-930-3228,강서테니스장,인천광역시 강화군 하점면 강화대로1262번길 15-10,
381,정상운영,37.4584842,테니스장,서초구,내곡동,127.0822385,서울특별시,02-2155-6213,내곡동체육시설,서울특별시 서초구 신흥말길 23-5 (내곡동),서울특별시 서초구 내곡동 1-279
382,폐업,35.67237635,테니스장,임실군,관촌리,127.2746245,전라북도,063-640-2923,사선대테니스장,전라북도 임실군 관촌면 사선2길 68-7,
383,정상운영,34.9386802,테니스장,순천시,연향동,127.521002,전라남도,061-749-8483,생활체육정구장,전라남도 순천시 팔마로 333 (연향동),
384,정상운영,,테니스장,기장군,,,부산광역시,,기장하수처리장테니스장,,
385,정상운영,34.80557792,테니스장,남해군,서상리,127.8334406,경상남도,055-860-8664,남해스포츠파크테니스장,경상남도 남해군 서면 스포츠파크길 36,경상남도 남해군 서면 서상리 1182-1 공중화장실
386,정상운영,36.18273526,테니스장,영동군,계산리,127.7673792,충청북도,043-740-5995,영동군민소프트테니스장,충청북도 영동군 영동읍 영동천1길 140,
387,정상운영,35.30057755,테니스장,장성군,기산리,126.771047,전라남도,061-390-8473,황룡강변생활체육공원테니스장,전라남도 장성군 장성읍 문화로 81,전라남도 장성군 장성읍 기산리 135-1
388,정상운영,35.44134044,테니스장,남원시,서천리,127.5304214,전라북도,063-620-5619,운봉서림공원테니스장,전라북도 남원시 운봉읍 황산로 1103-6,전라북도 남원시 운봉읍 서천리 43
389,정상운영,37.62725943,테니스장,홍천군,월천리,127.7748393,강원도,033-430-4474,남면테니스장,강원도 홍천군 남면 양덕원로 221,강원도 홍천군 남면 월천리 341
390,정상운영,33.46622111,테니스장,서귀포시,오조리,126.9049792,제주특별자치도,064-760-4218,성산국민체육센터테니스장,제주특별자치도 서귀포시 성산읍 일주동로 4024,
391,정상운영,35.28470363,테니스장,창원시,용잠리,128.6824886,경상남도,055-212-4063,동읍운동장테니스장,경상남도 창원시 의창구 동읍 동읍로 88,
392,정상운영,34.99454997,테니스장,나주시,,126.6991797,전라남도,061-339-4522,상하수도과테니스장,나주시 운곡동 107,전남 나주시 운곡동 107
393,폐업,35.882737,테니스장,,고성동3가,128.5877852,대구광역시,053-606-8200,시민운동장테니스장,대구광역시 북구 고성로 191 (고성동3가),
394,정상운영,35.43200355,테니스장,목포시,,129.1721212,전라남도,061-270-8372,유달시립테니스장,,용당동 1069
395,정상운영,36.81111953,테니스장,천안시,원성동,127.1618354,충청남도,041-521-5752,오룡경기장정구장,충청남도 천안시 동남구 성황로 118 (원성동),충청남도 천안시 동남구 원성동 448-1
396,정상운영,38.24485938,테니스장,철원군,와수리,127.4257126,강원도,033-450-4893,와수테니스장,강원도 철원군 서면 와수1로 154,강원도 철원군 서면 와수리 1153-3
397,정상운영,38.10712491,테니스장,연천군,옥산리,127.079745,경기도,031-839-2145,연천공설운동장테니스장,경기도 연천군 연천읍 문화로 150,
398,정상운영,35.70497999,테니스장,합천군,구정리,128.1672798,경상남도,055-930-4307,야로테니스장(야로중학교내),경상남도 합천군 야로면 구정묵촌길 14,경상남도 합천군 야로면 구정리 303 야로중학교
399,정상운영,38.44242411,테니스장,고성군,거진리,128.4472324,강원도,033-6803-714,거진테니스장,강원도 고성군 거진읍 거진운동장길 30,강원도 고성군 거진읍 거진리 480-1
400,정상운영,36.93154954,테니스장,음성군,읍내리,127.686661,충청북도,043-871-2482,음성테니스장,충청북도 음성군 음성읍 설성로 47,
401,정상운영,34.48915521,테니스장,진도군,동외리,126.270206,전라남도,061-540-3263,가마골테니스장,전라남도 진도군 진도읍 동문길 69,
402,정상운영,35.43086752,테니스장,남원시,월락동,127.4054607,전라북도,,춘향골다목적구장,전라북도 남원시 충정로 341 (월락동),전라북도 남원시 월락동  248 춘향골체육공원
403,정상운영,36.35548254,테니스장,의성군,,128.7027879,경상북도,,의성군민테니스장,의성읍 중리리 519,경북 의성군 의성읍 중리리 519
404,정상운영,37.34555943,테니스장,의왕시,왕곡동,126.9819247,경기도,031-345-2544,고천테니스장,경기도 의왕시 왕곡로 68 (왕곡동),경기도 의왕시 왕곡동  332 고천테니스장
405,정상운영,35.20343797,테니스장,구례군,,127.495359,전라남도,061-780-2252,섬지테니스장,마산면 사도리 879,
406,정상운영,37.36679551,테니스장,성남시,,127.1279533,경기도,031-729-3055,수내테니스장,분당구 수내동 119-1번지,경기 성남시 분당구 수내동 119-1
407,정상운영,37.17181233,테니스장,용인시,,127.3749664,경기도,,백암테니스장,백암면 백암리 224-4,경기 용인시 처인구 백암면 백암리 224-4
408,정상운영,,테니스장,서구,,,광주광역시,062-360-7850,상무시민공원테니스장,,
409,정상운영,35.69209413,테니스장,거창군,양평리,127.9290614,경상남도,055-940-8733,거창군립테니스장,경상남도 거창군 거창읍 심소정길 39-36,경상남도 거창군 거창읍 양평리 1160
410,폐업,35.98000477,테니스장,무주군,대유리,127.5564933,전라북도,063-320-2531,면생활체육공원(부남테니스장),전라북도 무주군 부남면 부남로 936,
411,정상운영,35.5827283,테니스장,목포시,,128.8064155,전라남도,061-270-8372,목포실내체육관테니스장,,상동 349-1
412,정상운영,,테니스장,무주군,,,전라북도,063-320-5602,무주읍테니스장,,
413,정상운영,,테니스장,,,,울산광역시,052-220-2106,문수테니스장,,
414,정상운영,37.71577885,테니스장,파주시,,126.7393321,경기도,,건간공원테니스장,와석순환로 198,경기 파주시 와석순환로 198
415,정상운영,35.33447198,테니스장,창원시,가술리,128.70665,경상남도,055-212-4063,가술테니스장,경상남도 창원시 의창구 대산면 가술길1번길 11-1,
416,정상운영,35.04854261,테니스장,화순군,대리,126.9652937,전라남도,061-379-3401,화순테니스장,전라남도 화순군 화순읍 학포로 2698,
417,정상운영,36.1449243,테니스장,김천시,삼락동,128.0880878,경상북도,,김천테니스장,경상북도 김천시 운동장길 1 (삼락동),경상북도 김천시 삼락동  488-1 김천종합스포츠타운
418,정상운영,,테니스장,중구,,,인천광역시,,월디테니스장,,
419,정상운영,37.9391955,테니스장,옹진군,남포리,124.6996579,인천광역시,032-899-2262,백령면체육시설테니스장,인천광역시 옹진군 백령면 백령남로 458,
420,정상운영,37.27945646,테니스장,이천시,관고동,127.4275533,경기도,031-644-4317,설봉공원 테니스장,경기도 이천시 경충대로2709번길 128 (관고동),
421,정상운영,37.81905938,테니스장,홍천군,도관리,128.0916129,강원도,033-430-4444,내촌테니스장,강원도 홍천군 내촌면 도관길 55,
422,정상운영,37.34759955,테니스장,삼척시,,129.1639838,강원도,,노곡테니스장,,
423,정상운영,35.96679001,테니스장,무주군,현내리,127.8452138,전라북도,063-320-5753,면생활체육공원(무풍테니스장),전라북도 무주군 무풍면 대덕산로 908,
424,정상운영,36.4323937,테니스장,상주시,계산동,128.1628362,경상북도,054-537-7692,상주시민테니스장,경상북도 상주시 북상주로 24-7 (계산동),
425,정상운영,34.80250687,테니스장,통영시,,128.4000893,경상남도,055-650-4722,통영산양스포츠파크테니스장,경남 통영시 산양읍 남평리 243-1,경남 통영시 산양읍 남평리 243-1
426,정상운영,,테니스장,서초구,,,서울특별시,02-2155-8711,반포종합운동장테니스장,,
427,정상운영,,테니스장,익산시,,,전라북도,063-859-4532,배산생활체육공원테니스장,,
428,정상운영,35.22182941,테니스장,창원시,,128.5801941,경상남도,,영길운동장테니스장,양덕동477,경남 창원시 마산회원구 양덕동 477
429,정상운영,,테니스장,관악구,,,서울특별시,02-879-6521,난우공원테니스장,,
430,정상운영,37.16661735,테니스장,화성시,,126.7092544,경기도,,서신생활체육시설테니스장,서신면 매화리 276-3,경기 화성시 서신면 매화리 276-3
431,정상운영,37.22421308,테니스장,화성시,,127.0763902,경기도,,돌모루공원테니스장,석우동 4,경기 화성시 석우동 4
432,정상운영,,테니스장,전주시,,,전라북도,063-281-2937,완산생활체육공원테니스장,,
433,정상운영,35.2157656,테니스장,구례군,,127.4623176,전라남도,061-780-2252,구례테니스장,구례읍 봉북리 1432,
434,정상운영,37.50796177,테니스장,부평구,산곡동,126.6931896,인천광역시,032-509-6445,원적산체육공원테니스장,"인천광역시 부평구 원적로269번길 55-5 (산곡동, 산곡2차현대아파트)",
435,정상운영,,테니스장,양평군,,,경기도,,개군레포츠공원테니스장,,
436,정상운영,36.11946155,테니스장,성남시,,128.1166236,경기도,031-729-3055,대원테니스장,,성남동 56-1번지
437,정상운영,35.37113207,테니스장,의령군,마쌍리,128.1015193,경상남도,055-5702-422,대의공설운동장테니스장,경상남도 의령군 대의면 대의로 75-29,경상남도 의령군 대의면 마쌍리 733-8 공중화장실
438,정상운영,34.64527148,테니스장,강진군,호계리,126.7813056,전라남도,061-430-3823,강진테니스장,전라남도 강진군 군동면 종합운동장길 60,전라남도 강진군 군동면 호계리 1076 강진종합운동장
439,정상운영,37.54230394,테니스장,부천시,대장동,126.7653696,경기도,032-625-2502,폐기물처리장내테니스장,경기도 부천시 벌말로 122 (대장동),경기도 부천시 대장동 607 부천폐기물종합처리장
440,정상운영,,테니스장,논산시,,,충청남도,,연무체육공원테니스장,,
441,정상운영,36.59063032,테니스장,문경시,모전동,128.184206,경상북도,054-550-6346,모전근린공원테니스장,경상북도 문경시 매봉1길 69 (모전동),경상북도 문경시 모전동  688-1
442,정상운영,,테니스장,논산시,,,충청남도,,강경테니스장,,
443,정상운영,37.80136747,테니스장,양주시,,127.086664,경기도,031-8082-5646,삼숭생활체육공원테니스장,삼숭동 625-5 번지 일원,경기 양주시 삼숭동 625-5
444,정상운영,37.33803121,테니스장,송파구,,127.658301,서울특별시,,오금공원테니스장,,오금동 51
445,정상운영,,테니스장,청송군,,,경상북도,054-7870-6572,생활체육공원테니스장,,
446,정상운영,35.56344018,테니스장,합천군,,128.1708243,경상남도,055-930-4933,함벽루체육공원테니스장,경남 합천군 합천읍 합천리 168-1,경남 합천군 합천읍 합천리 168-1
447,정상운영,35.39782308,테니스장,남원시,조산동,127.3631046,전라북도,063-620-6841,여성문화센터테니스장,전라북도 남원시 요천로 1283 (조산동),전라북도 남원시 조산동  455 남원시여성문화센터
448,정상운영,35.97119615,테니스장,영천시,,128.9243703,경상북도,054-334-3167,영천시민테니스장,교촌동 319-1,경북 영천시 교촌동 319-1
449,정상운영,37.21024651,테니스장,정선군,예미리,128.6374602,강원도,033-560-2635,예미족구장,강원도 정선군 신동읍 예미1길 31-80,강원도 정선군 신동읍 예미리 830
450,정상운영,,테니스장,금정구,,,부산광역시,,노포차량기지창테니스장,,
451,정상운영,37.46005484,테니스장,울릉군,사동리,130.8737663,경상북도,,농업기술센터테니스장,경상북도 울릉군 울릉읍 간령길 83-18,경상북도 울릉군 울릉읍 사동리 541-8 울릉군농업기술센타
452,정상운영,,테니스장,공주시,,,충청남도,,공주시립테니스장,,
453,정상운영,35.14998957,테니스장,광산구,소촌동,126.8029133,광주광역시,062-960-8723,송정근린공원테니스장,광주광역시 광산구 금봉로 22-21 (소촌동),광주광역시 광산구 소촌동 93-1
454,정상운영,,테니스장,목포시,,,전라남도,,북항환경사업소테니스장,,
455,정상운영,37.39429845,테니스장,안양시,관양동,126.9568605,경기도,031-8045-5082,안양시청 테니스장,경기도 안양시 동안구 시민대로 235 (관양동),경기도 안양시 동안구 관양동  1590 안양시청
456,정상운영,,테니스장,익산시,,,전라북도,,팔봉3호근린공원테니스장,,
457,정상운영,37.69486706,테니스장,홍천군,희망리,127.8821032,강원도,033-430-2453,잿골테니스장,강원도 홍천군 홍천읍 석화로1길 16,
458,정상운영,37.44136466,테니스장,과천시,관문동,126.9963478,경기도,,관문체육공원테니스장,경기도 과천시 중앙로 294 (관문동),경기도 과천시 관문동 3 관문체육공원
459,정상운영,35.29127883,테니스장,,,129.1060881,부산광역시,,부산지방공단스포원테니스장,두구동 669번지,부산 금정구 두구동 669
460,정상운영,35.21095744,테니스장,,대저1동,128.9722129,부산광역시,051-970-1217,강서체육공원테니스장,부산광역시 강서구 체육공원로 43 (대저1동),부산광역시 강서구 대저1동  2155 강서체육공원
461,정상운영,,테니스장,,,,서울특별시,,한강공원망원지구테니스장,,
462,정상운영,37.50316478,테니스장,동작구,,126.9780099,서울특별시,,동작주차공원 테니스장,동작동 326,
463,정상운영,35.57677763,테니스장,중구,성안동,129.3045101,울산광역시,052-290-7663,성안테니스장,울산광역시 중구 함월1길 145 (성안동),울산광역시 중구 성안동  900-6
464,정상운영,,테니스장,영양군,,,경상북도,054-680-5312,영양수련원테니스장,,
465,정상운영,34.7737547,테니스장,보성군,보성리,127.0940848,전라남도,,보성테니스장,전라남도 보성군 보성읍 용문길 18,
466,정상운영,,테니스장,송파구,,,서울특별시,,성내천변테니스장,,
467,정상운영,36.54938239,테니스장,구미시,,128.7247353,경상북도,054-480-5023,금오테니스장,정하동 417,경북 안동시 정하동 417
468,정상운영,35.96821542,테니스장,포항시,송동리,129.3605155,경상북도,054-270-2804,대송면테니스장,경상북도 포항시 남구 대송면 장동홍계길 19,경상북도 포항시 남구 대송면 송동리 790-1 대송면사무소
469,정상운영,,테니스장,남동구,,,인천광역시,,승기공원테니스장,,
470,정상운영,35.44527767,테니스장,창녕군,거문리,128.5845968,경상남도,055-530-1486,창녕국민체육센터(테니스장),경상남도 창녕군 부곡면 거문1길 33-46,경상남도 창녕군 부곡면 거문리 565-1 창녕국민체육센터
471,정상운영,35.32481478,테니스장,담양군,객사리,126.9948859,전라남도,061-380-2808,담양테니스장,전라남도 담양군 담양읍 관방제림길 69,전라남도 담양군 담양읍 객사리 1-30
472,정상운영,36.81971312,테니스장,천안시,,127.114829,충청남도,,천안실외테니스장,,백석동
473,정상운영,36.31491402,테니스장,,,127.4291652,대전광역시,042-270-4483,한밭정구장,부사동 177,대전 중구 부사동 177
474,정상운영,35.42563223,테니스장,고창군,월산리,126.7296644,전라북도,,월산동네체육시설테니스장,전라북도 고창군 고창읍 월산길 6,전라북도 고창군 고창읍 월산리 502 민방위급수시설
475,정상운영,36.60308755,테니스장,문경시,흥덕동,128.2123726,경상북도,054-550-6093,영강체육공원테니스장,경상북도 문경시 영강공원길 125 (흥덕동),경상북도 문경시 흥덕동  77-2
476,정상운영,37.81302783,테니스장,양주시,,126.9839737,경기도,,백석생활체육공원테니스장,백석읍 오산리 239-3번지 일원,경기 양주시 백석읍 오산리 239-3
477,정상운영,,테니스장,양산시,,,경상남도,,하북체육공원테니스장,,
478,정상운영,,테니스장,중구,,,서울특별시,02-2280-8455,손기정체육공원테니스장,,
479,정상운영,35.99064474,테니스장,포항시,도구리,129.441156,경상북도,054-270-2804,동해테니스장,경상북도 포항시 남구 동해면 일월로71번길 15,경상북도 포항시 남구 동해면 도구리 621-1
480,정상운영,37.83962663,테니스장,옹진군,대청리,124.7071397,인천광역시,032-899-2262,대청면체육시설테니스장,인천광역시 옹진군 대청면 대청북로 55-1,
481,정상운영,35.83392886,테니스장,군산시,,129.2082561,전라북도,,군산월명종합경기장테니스장,사정동 164-1,사정동 164-1
482,정상운영,,테니스장,양구군,,,강원도,033-480-2931,남면테니스장,,
483,정상운영,,테니스장,광진구,,,서울특별시,02-450-7589,아차산배수지체육공원테니스장,,구의동 산25-1
484,정상운영,37.67041561,테니스장,고양시,,126.7372602,경기도,,대화레포츠공원테니스장,대화동 2314,경기 고양시 일산서구 대화동 2314
485,정상운영,37.22237148,테니스장,옹진군,서포리,126.1177151,인천광역시,032-899-2262,덕적면체육시설테니스장,인천광역시 옹진군 덕적면 덕적남로 572,
486,폐업,36.737855,테니스장,태안군,평천리,126.3316964,충청남도,041-670-2765,태안테니스장,충청남도 태안군 태안읍 반곡리1160-5,
487,정상운영,,테니스장,,,,서울특별시,,한강공원잠원지구테니스장,,
488,정상운영,37.55201089,테니스장,,능동,127.0787741,서울특별시,02-450-9310,어린이대공원테니스장,서울특별시 광진구 능동로 216 (능동),
489,정상운영,38.22329362,테니스장,인제군,천도리,128.2079207,강원도,033-460-2281,서화면테니스장,강원도 인제군 서화면 금강로 1422,
490,정상운영,,테니스장,진안군,,,전라북도,063-430-2255,용담테니스장,,
491,정상운영,36.78864906,테니스장,증평군,,127.581719,충청북도,043-835-4121,대교테니스장,,
492,정상운영,35.18849961,테니스장,진주시,이현동,128.0623221,경상남도,055-742-7278,남가람테니스장,경상남도 진주시 평거로 249-5 (이현동),
493,정상운영,35.85992363,테니스장,동구,율하동,128.69284,대구광역시,053-662-2862,율하체육공원테니스장,대구광역시 동구 금호강변로 278 (율하동),대구광역시 동구 율하동  1626
494,정상운영,36.1449243,테니스장,김천시,삼락동,128.0880878,경상북도,,김천국제실내테니스장,경상북도 김천시 운동장길 1 (삼락동),경상북도 김천시 삼락동  488-1 김천종합스포츠타운
495,정상운영,37.13089149,테니스장,제천시,화산동,128.2151605,충청북도,043-641-5593,제천정구장,충청북도 제천시 숭의로 85 (화산동),충청북도 제천시 화산동 128-1 제천시민광장
496,정상운영,37.78559549,테니스장,파주시,,126.8477969,경기도,,광탄테니스장,광탄면 신산리 산16-21,경기 파주시 광탄면 신산리 산 16-21
497,정상운영,35.96720889,테니스장,군산시,오식도동,126.5701878,전라북도,,생말공원테니스장,전라북도 군산시 분멀5길 29 (오식도동),전라북도 군산시 오식도동  508-1 군산시투자유치사업단
498,정상운영,37.76001299,테니스장,의정부시,,127.0279671,경기도,031-828-6882,종합운동장테니스장,의정부시 체육로 90,경기 의정부시 체육로 90
499,정상운영,35.95633457,테니스장,포항시,,129.4003002,경상북도,054-270-2804,문덕테니스장,,
500,정상운영,38.15918556,테니스장,철원군,군탄리,127.3020914,강원도,033-450-5291,공설운동장테니스장,강원도 철원군 갈말읍 갈말로 53-1,강원도 철원군 갈말읍 군탄리 산99-2 철원종합운동장
501,정상운영,,테니스장,청송군,,,경상북도,054-7870-6572,청송군민회관테니스장,,
502,정상운영,35.56465206,테니스장,중구,유곡동,129.2836378,울산광역시,052-290-7663,유곡테니스장,울산광역시 중구 종가로 65 (유곡동),울산광역시 중구 유곡동  891-1 유곡동테니스장관리사무소
503,정상운영,,테니스장,,,,광주광역시,070-8808-2266,진월국제테니스장,,
504,정상운영,36.78585699,테니스장,증평군,,127.5740239,충청북도,043-835-4121,반탄테니스장,,
505,정상운영,35.18515988,테니스장,창원시,천선동,128.6968737,경상남도,,성주주민운동장테니스장,,경남 창원시 성산구 천선동 1296-51
506,정상운영,37.8890103,테니스장,포천시,구읍리,127.1999552,경기도,,소흘읍생활체육공원테니스장,경기도 포천시 군내면 호국로 1518,경기도 포천시 군내면 구읍리 691
507,정상운영,,테니스장,진안군,,,전라북도,063-430-2255,동향테니스장,,
508,정상운영,37.77410678,테니스장,파주시,,126.7263422,경기도,,금촌체육공원테니스장,,금촌동 378
509,정상운영,36.30473554,테니스장,서구,복수동,127.3797865,대전광역시,042-611-6593,오량실내테니스장,대전광역시 서구 유등로 135 (복수동),대전광역시 서구 복수동  405 오량실내테니스장
510,정상운영,34.84822212,테니스장,무안군,월암리,126.4921276,전라남도,061-450-4097,일로테니스장,전라남도 무안군 일로읍 공원길 48,
511,정상운영,37.41494552,테니스장,광주시,경안동,127.2517686,경기도,,광주시공설운동장테니스장,경기도 광주시 파발로 176 (경안동),경기도 광주시 경안동  123-4 광주시공설운동장
512,정상운영,,테니스장,당진시,,,충청남도,,당진읍체육공원테니스장,,
513,정상운영,37.87387618,테니스장,강릉시,,128.8359083,강원도,,강북테니스장,,
514,정상운영,37.9713221,테니스장,포천시,,127.3266491,경기도,,일동테니스전용구장,일동면 수입리 69-9,경기 포천시 일동면 수입리 69-9
515,정상운영,35.56107757,테니스장,정읍시,상평동,126.8360966,전라북도,063-539-5255,정읍체육공원테니스장,전라북도 정읍시 서부산업도로 138-5 (상평동),
516,정상운영,,테니스장,양평군,,,경기도,,지평레포츠공원테니스장,,
517,정상운영,36.29264125,테니스장,서구,관저동,127.3340326,대전광역시,,관저테니스장,대전광역시 서구 구봉산북로 121 (관저동),대전광역시 서구 관저동  1580 관저테니스장
518,정상운영,37.2559312,테니스장,삼척시,늑구리,129.0568819,강원도,,도계테니스장,강원도 삼척시 도계읍 늑구1길 10,강원도 삼척시 도계읍 늑구리 135-1
519,정상운영,,테니스장,관악구,,,서울특별시,02-879-6521,선우공원테니스장,,
520,정상운영,37.19939282,테니스장,화성시,,126.831329,경기도,,시청테니스장,남양동 2000,경기 화성시 남양읍 남양리 2000
521,정상운영,35.64838686,테니스장,청도군,동천리,128.7186818,경상북도,054-370-6394,국민체육센터테니스장,경상북도 청도군 화양읍 청려로 1846,경상북도 청도군 화양읍 동천리 457
522,정상운영,,테니스장,,,,부산광역시,,대저생태공원테니스장,,
523,정상운영,35.8901191,테니스장,달성군,달천리,128.4779466,대구광역시,053-668-2182,다사체육공원테니스장,대구광역시 달성군 다사읍 다사로 441,
524,정상운영,37.41641839,테니스장,시흥시,매화동,126.816609,경기도,,매화동테니스장,경기도 시흥시 수인로 2918-1 (매화동),경기도 시흥시 매화동  106-2 금호스텐상사
525,정상운영,,테니스장,수원시,,,경기도,,여기산공원테니스장,서둔동 259-5,서둔동 259-5
526,정상운영,,테니스장,,,,서울특별시,,월드컵공원테니스장,,
527,정상운영,35.23106648,테니스장,창원시,,128.6956941,경상남도,,도계체육공원테니스장,토월동 709,경남 창원시 성산구 토월동 709
528,정상운영,,테니스장,해운대구,,,부산광역시,051-749-4122,반송3동테니스장,,
529,정상운영,37.51149094,테니스장,구로구,신정동,126.8502917,서울특별시,02-860-3364,계남근린공원테니스장,"서울특별시 양천구 신정로 260 (신정동, 신트리4단지아파트)",서울특별시 양천구 신정동 1277 신트리4단지아파트
530,정상운영,37.18020529,테니스장,영월군,쌍용리,128.3251587,강원도,,쌍용4리 테니스장,강원도 영월군 한반도면 쌍용로 172-4,강원도 영월군 한반도면 쌍용리 450-6
531,정상운영,35.16742686,테니스장,,우동,129.1376942,부산광역시,,올림픽기념국민생활관,부산광역시 해운대구 APEC로 68 (우동),부산광역시 해운대구 우동  1127-37 부산사회체육센타
532,정상운영,,테니스장,양평군,,,경기도,,청운레포츠공원테니스장,,
533,정상운영,34.54563053,테니스장,고흥군,용정리,127.1395098,전라남도,061-830-6728,녹동테니스장,전라남도 고흥군 도양읍 우주항공로 229,전라남도 고흥군 도양읍 용정리 1168-31 체육시설
534,정상운영,,테니스장,김해시,,,경상남도,,동부테니스장,,
535,정상운영,,테니스장,당진시,,,충청남도,,순성체육공원테니스장,,
536,정상운영,34.89332261,테니스장,거제시,고현동,128.6327174,경상남도,055-639-3914,양정테니스장,"경상남도 거제시 중곡로2길 12 (고현동, 고려6차아파트)",
537,정상운영,35.97039389,테니스장,익산시,부송동,126.9966917,전라북도,063-859-5426,문화체육센터테니스장,전라북도 익산시 선화로 823 (부송동),
538,정상운영,35.16995738,테니스장,강서구,대저2동,128.9593986,부산광역시,051-970-4121,덕두테니스장,,부산 강서구 대저2동 2651
539,정상운영,,테니스장,강동구,,,서울특별시,,강일테니스장,,
540,정상운영,36.41819957,테니스장,영덕군,화개리,129.3662759,경상북도,054-730-7354,영덕군민테니스장,경상북도 영덕군 영덕읍 경동로 8338,
541,정상운영,38.18568515,테니스장,철원군,,127.2312506,강원도,033-450-4893,오지리테니스장,강원 철원군 동송읍 오지리 1031-3,강원 철원군 동송읍 오지리 1031-3
542,정상운영,37.2792346,테니스장,용인시,,127.164695,경기도,,동백테니스장,동백동 589,경기 용인시 기흥구 동백동 589
543,정상운영,36.07568633,테니스장,칠곡군,남율리,128.3913602,경상북도,054-979-5202,칠곡석적테니스장,경상북도 칠곡군 석적읍 석적로 933-9,경상북도 칠곡군 석적읍 남율리 710
544,정상운영,37.53246311,테니스장,계양구,서운동,126.7438869,인천광역시,032-450-5823,계양테니스장,인천광역시 계양구 봉오대로 855 (서운동),인천광역시 계양구 서운동 110 계양경기장
545,정상운영,37.85086975,테니스장,파주시,,126.7903104,경기도,,통일공원테니스장,파주읍 봉서리 산42,경기 파주시 파주읍 봉서리 산 42
546,정상운영,,테니스장,양평군,,,경기도,,강상테니스장,,
547,정상운영,38.23147405,테니스장,철원군,육단리,127.4732245,강원도,033-450-4893,근남테니스장,강원도 철원군 근남면 하오재로 1998,강원도 철원군 근남면 육단리 176-8
548,폐업,35.57378247,테니스장,합천군,,128.2100933,경상남도,055-930-4934,율곡영전수변공원테니스장,경남 합천군 율곡면 영전리 786-1,경남 합천군 율곡면 영전리 786-1
549,정상운영,36.58141063,테니스장,횡성군,,128.7416918,강원도,033-340-5955,섬강테니스장,,명륜동 313번지
550,정상운영,37.20401189,테니스장,화성시,,127.0636047,경기도,,동탄센트럴파크테니스장,반송동 59,경기 화성시 반송동 59
551,정상운영,37.58378125,테니스장,강서구,,126.8156478,서울특별시,02-2600-6579,구립테니스장,방화동 36-14 일대,서울 강서구 방화동 36-14
552,정상운영,,테니스장,원주시,,,강원도,033-737-4308,백운테니스장,,흥업면 흥업리 768 외16번지
553,폐업,37.5512277,테니스장,강동구,,127.1640061,서울특별시,02-3425-5264,강동테니스장,상일동 135,서울 강동구 상일동 135
554,정상운영,35.55704616,테니스장,합천군,,128.2661192,경상남도,055-930-4934,초계테니스장,경남 합천군 초계면 초계리 139-5,경남 합천군 초계면 초계리 139-5
555,정상운영,,테니스장,창원시,,,경상남도,,반지어울림운동장테니스장,,
556,폐업,37.71777857,테니스장,고양시,,126.9074494,경기도,031-8075-2341,벽제배수지테니스장,벽제동 산 43-32,
557,정상운영,,테니스장,횡성군,,,강원도,033-340-5964,둔내테니스장,,
558,정상운영,34.75336431,테니스장,여수시,문수동,127.7019939,전라남도,061-659-3269,여문테니스장,전라남도 여수시 문수로 53-32 (문수동),전라남도 여수시 문수동  169 여수환경도서관
559,정상운영,35.87313311,테니스장,진안군,봉학리,127.4290731,전라북도,063-430-2255,정천테니스장,전라북도 진안군 정천면 봉학로 66,전라북도 진안군 정천면 봉학리 547 정천면사무소
560,정상운영,37.62593218,테니스장,고양시,,126.8294047,경기도,,토당제2근린공원테니스장,토당동 3-39,경기 고양시 덕양구 토당동 3-39
561,정상운영,,테니스장,진안군,,,전라북도,063-430-2255,백운테니스장,,
562,정상운영,37.21566486,테니스장,화성시,,126.7234467,경기도,,송산테니스장,송산면 사강리 365-5,경기 화성시 송산면 사강리 365-5
563,정상운영,35.22182941,테니스장,창원시,,128.5801941,경상남도,,마산종합운동장테니스장,양덕동477,경남 창원시 마산회원구 양덕동 477
564,정상운영,,테니스장,당진시,,,충청남도,,우강체육공원테니스장,,
565,정상운영,37.34138527,테니스장,시흥시,거모동,126.7863093,경기도,,군자동테니스장,경기도 시흥시 군자로534번길 19 (거모동),경기도 시흥시 거모동  1632-20
566,정상운영,,테니스장,남동구,,,인천광역시,,늘솔길근린공원테니스장,,
567,정상운영,,테니스장,함안군,,,경상남도,,함안군환경기초시설테니스장,,
568,정상운영,35.21298256,테니스장,광산구,안청동,126.8023702,광주광역시,062-960-8723,안청공원테니스장,광주광역시 광산구 하남산단9번로 62 (안청동),광주광역시 광산구 안청동 736-1
569,정상운영,,테니스장,해운대구,,,부산광역시,051-749-4122,센텀테니스장,,
570,정상운영,35.52753313,테니스장,남구,,129.3377159,울산광역시,052-226-5433,야음테니스장,야음동 45,울산 남구 야음동 45
571,정상운영,35.6794498,테니스장,정읍시,구석리,126.8904682,전라북도,063-539-5255,신태인테니스장,전라북도 정읍시 신태인읍 정신로 1056,
572,정상운영,36.00492475,테니스장,포항시,상도동,129.353504,경상북도,054-270-2804,뱃머리테니스장,경상북도 포항시 남구 뱃머리길 50 (상도동),경상북도 포항시 남구 상도동  131 뱃머리테니스장
573,정상운영,35.22934381,테니스장,창원시,회성동,128.5622915,경상남도,055-230-4063,회성동테니스장,경상남도 창원시 마산회원구 회성남20길 78 (회성동),
574,정상운영,38.11671995,테니스장,양구군,하리,127.9884632,강원도,033-480-2319,양구초롱이테니스장,강원도 양구군 양구읍 함춘로 102,강원도 양구군 양구읍 하리 439
575,정상운영,37.53555774,테니스장,옹진군,시도리,126.4316112,인천광역시,032-899-2262,북도면체육시설테니스장,인천광역시 옹진군 북도면 시도로86번길 78,
576,정상운영,,테니스장,,,,서울특별시,,중랑물재생센터테니스장,,
577,정상운영,35.41216157,테니스장,,당월리,129.3534323,울산광역시,052-229-5985,온산수질개선사업소테니스장,울산광역시 울주군 온산읍 당월로 118,울산광역시 울주군 온산읍 당월리 229-1
578,정상운영,,테니스장,김해시,,,경상남도,,어방테니스장,,
579,정상운영,,테니스장,북구,,,광주광역시,062-510-1512,첨단체육공원테니스장,,
580,정상운영,,테니스장,진안군,,,전라북도,063-430-2255,상전테니스장,,
581,정상운영,35.53433124,테니스장,장수군,노단리,127.5482956,전라북도,063-350-5552,번암체육공원,전라북도 장수군 번암면 동강길 31,
582,정상운영,36.06989708,테니스장,포항시,장성동,129.3798654,경상북도,054-270-2804,장량테니스장,"경상북도 포항시 북구 삼흥로88번길 11 (장성동, 산호그린7차아파트)",경상북도 포항시 북구 장성동  1364-1 산호그린7차아파트
583,정상운영,,테니스장,원주시,,,강원도,033-737-4308,문막섬강테니스장,,
584,정상운영,,테니스장,양주시,,,경기도,,남면하수처리장테니스장,,
585,정상운영,37.58643175,테니스장,구리시,,127.1584449,경기도,031-550-8775,구리시립테니스장,토평동 51-6번지 일원,경기 구리시 토평동 51-6
586,정상운영,35.42133323,테니스장,남원시,향교동,127.3794535,전라북도,063-620-5619,육면테니스장,전라북도 남원시 만인로 41-51 (향교동),전라북도 남원시 향교동  640 남원중학교
587,정상운영,36.58141063,테니스장,원주시,,128.7416918,강원도,033-737-4308,치악테니스장,,명륜동 313번지
588,정상운영,34.63614598,테니스장,통영시,,128.2610376,경상남도,,욕지테니스장,경남 통영시 욕지면 동항리 806-4,경남 통영시 욕지면 동항리 806-4
589,정상운영,33.25795826,테니스장,서귀포시,,126.5642831,제주특별자치도,,서귀포시테니스장,동홍동 1447,제주특별자치도 서귀포시 동홍동 1447
590,정상운영,,테니스장,양주시,,,경기도,,양주시청테니스장,,양주시 남방리 1-1
591,정상운영,37.56414375,테니스장,성동구,,127.0389407,서울특별시,02-2204-7640,마장테니스장,마장동 832,서울 성동구 마장동 832
592,정상운영,38.02715991,테니스장,연천군,전곡리,127.0733439,경기도,031-839-2145,"전곡온골,위너스테니스장",경기도 연천군 전곡읍 선사로424번길 5,
593,정상운영,37.21815613,테니스장,정선군,고한리,128.8561969,강원도,033-560-2547,고한테니스장,강원도 정선군 고한읍 고토일길 194-3,강원도 정선군 고한읍 고한리 273
594,정상운영,37.01319895,테니스장,안성시,양복리,127.3278514,경기도,031-678-6864,안성시국제정구장,경기도 안성시 보개면 종합운동장로 162,
595,정상운영,34.9782896,테니스장,고성군,,128.3093705,경상남도,,고성군공설테니스장,고성읍 교사리 377,경남 고성군 고성읍 교사리 377
596,정상운영,37.54504556,테니스장,,,127.0408363,서울특별시,,뚝섬서울숲테니스장,성수1가 1동685-20,서울 성동구 성수1가1동 685-20
597,정상운영,37.49505262,테니스장,부천시,상동,126.7603791,경기도,032-625-2502,석천공원테니스장,경기도 부천시 석천로 85-1 (상동),경기도 부천시 상동 416 석천근린공원
598,정상운영,36.05647631,테니스장,익산시,제남리,127.0826909,전라북도,063-859-3242,여산테니스장,전라북도 익산시 여산면 서촌1길 24-7,전라북도 익산시 여산면 제남리 938-5 게이트볼장
599,정상운영,36.30657124,테니스장,옥천군,문정리,127.5746239,충청북도,043-730-4884,옥천읍테니스장,충청북도 옥천군 옥천읍 동부로 15,
600,정상운영,37.76195314,테니스장,파주시,,126.7416624,경기도,,교하체육공원테니스장,하지석동 326-3,경기 파주시 하지석동 326-3
601,정상운영,,테니스장,창녕군,,,경상남도,,남지테니스장,,
602,정상운영,34.94007218,테니스장,순천시,연향동,127.5201023,전라남도,061-749-8483,팔마테니스장,전라남도 순천시 팔마로 333 (연향동),
603,정상운영,35.05923503,테니스장,하동군,,127.7504185,경상남도,055-880-2384,하동생활테니스장,하동읍 광평리 63-2,
604,정상운영,37.37780961,테니스장,정선군,애산리,128.6743583,강원도,033-560-2547,정선종합경기장테니스장,강원도 정선군 정선읍 애산로 60,
605,정상운영,,테니스장,동구,,,대전광역시,,세천테니스장,,
606,정상운영,37.66251644,테니스장,옹진군,연평리,125.7048912,인천광역시,032-899-2262,연평면체육시설테니스장,인천광역시 옹진군 연평면 연평로 184,
607,정상운영,35.44068843,테니스장,남원시,광치동,127.3844519,전라북도,063-620-5619,농공단지테니스장,전라북도 남원시 광치산업1길 9 (광치동),"전라북도 남원시 광치동  195-15 구내식당,편의점"
608,정상운영,35.99960951,테니스장,칠곡군,아곡리,128.423638,경상북도,054-979-5211,칠곡종합운동장테니스장,경상북도 칠곡군 왜관읍 호국로 203,경상북도 칠곡군 왜관읍 아곡리 670-5
609,정상운영,36.21124745,테니스장,동대문구,,127.3372539,서울특별시,02-2127-4776,장평근린공원테니스장,장안동 356,장안동 356
610,정상운영,,테니스장,서구,,,광주광역시,062-360-7193,풍암생활체육공원정구장2,,
611,정상운영,35.06113217,테니스장,사천시,방지리,128.0620506,경상남도,055-831-2421,사남공설테니스장,경상남도 사천시 사남면 외국기업로 107,
612,정상운영,35.14836103,테니스장,창원시,도만동,128.6554537,경상남도,055-5484-066,백구테니스장,경상남도 창원시 진해구 충무로 43 (도만동),경상남도 창원시 진해구 도만동 1 진해공설운동장
613,정상운영,37.38658813,테니스장,의왕시,포일동,126.9977303,경기도,031-345-2544,청계체육시설테니스장,경기도 의왕시 백운로 571 (포일동),경기도 의왕시 포일동  127-8
614,폐업,37.51972258,테니스장,부평구,갈산동,126.7258125,인천광역시,032-509-6973,갈산근린공원테니스장,인천광역시 부평구 부평대로296번길 75-17 (갈산동),
615,정상운영,,테니스장,대덕구,,,대전광역시,,송촌체육공원테니스장,,
616,정상운영,35.16470459,테니스장,,삼락동,128.9732735,부산광역시,051-310-6021,삼락생태공원테니스장12면,,부산 사상구 삼락동 29-57
617,정상운영,35.56402785,테니스장,합천군,합천리,128.1514507,경상남도,055-930-4934,군민생활체육공원테니스장,경상남도 합천군 합천읍 장수로 1-3,경상남도 합천군 합천읍 합천리 1082
618,정상운영,35.37757235,테니스장,강남구,,129.0802238,서울특별시,02-2176-0810,봉은테니스장,,삼성동 75번지
619,정상운영,35.50764037,테니스장,고양시,,129.4176357,경기도,,화정제8호근린공원테니스장,,화정동 943
620,정상운영,,테니스장,산청군,,,경상남도,,장승배기테니스장,,
621,정상운영,,테니스장,용인시,,,경기도,,모현레스피아테니스장,,모현면 일산리 41-13
622,정상운영,35.49334904,테니스장,산청군,어서리,127.8385055,경상남도,055-970-6433,생초체육공원 테니스장,경상남도 산청군 생초면 생초로 10,경상남도 산청군 생초면 어서리 213 생초체육공원
623,정상운영,38.21358878,테니스장,속초시,,128.588778,강원도,033-639-2474,속초테니스장,영랑동 570-2,강원 속초시 영랑동 570-2
624,정상운영,37.63541162,테니스장,남양주시,진관리,127.1507541,경기도,031-590-4788,진건하수처리장테니스장,경기도 남양주시 진건읍 금강로380번길 67,경기도 남양주시 진건읍 진관리 875
625,정상운영,,테니스장,당진시,,,충청남도,,종합운동장테니스장,,
626,정상운영,37.14301081,테니스장,제천시,하소동,128.1954152,충청북도,043-641-5595,하소체육공원테니스장,충청북도 제천시 원뜰로 147 (하소동),충청북도 제천시 하소동  271
627,정상운영,37.27353519,테니스장,영월군,주천리,128.267423,강원도,,주천테니스장,강원도 영월군 주천면 주천로 113-5,강원도 영월군 주천면 주천리 1246-5
628,정상운영,,테니스장,울진군,,,경상북도,,죽변운동장테니스장,,
629,정상운영,34.93741948,테니스장,광양시,마동,127.7078931,전라남도,061-797-3900,마동테니스장,전라남도 광양시 눈소5길 3 (마동),
630,정상운영,37.17852819,테니스장,오산시,금암동,127.0417825,경기도,031-8036-7962,죽미체육공원테니스장,경기도 오산시 수청로 204-26 (금암동),경기도 오산시 금암동 508 죽미체육공원다목적체육관
631,정상운영,,테니스장,남동구,,,인천광역시,,논현포대근린공원테니스장,,
632,정상운영,,테니스장,동해시,,,강원도,033-539-3561,종합경기장테니스장,,
633,정상운영,34.90289383,테니스장,화순군,품평리,126.9900433,전라남도,061-379-3401,이양테니스장,전라남도 화순군 이양면 이양농공길 13,
634,정상운영,37.63002706,테니스장,은평구,,126.9175275,서울특별시,02-350-5393,은평구민체육센터테니스장,은평구 진관외동 242-23외 1필지,서울 은평구 진관동 242-23
635,정상운영,36.31491402,테니스장,대덕구,,127.4291652,대전광역시,,을미기공원테니스장,부사동 177,대전 중구 부사동 177
636,정상운영,36.93154954,테니스장,음성군,읍내리,127.686661,충청북도,043-871-2482,전천후정구테니스장,충청북도 음성군 음성읍 설성로 47,
637,정상운영,,테니스장,,,,부산광역시,,맥도생태공원테니스장,,
638,정상운영,37.8529369,테니스장,춘천시,송암동,127.693218,강원도,033-2504-232,송암스포츠타운테니스장,강원도 춘천시 스포츠타운길 124-1 (송암동),강원도 춘천시 송암동 290 테니스장
639,정상운영,37.25303412,테니스장,옹진군,자월리,126.3066313,인천광역시,032-899-2262,자월면테니스장,인천광역시 옹진군 자월면 자월서로 177 (용현남초등학교자월분교),
640,정상운영,35.30226604,테니스장,장성군,기산리,126.7678845,전라남도,,장성군테니스장,전라남도 장성군 장성읍 문화로 110,
641,정상운영,35.65398002,테니스장,장수군,장수리,127.5219073,전라북도,063-350-5552,장수공설운동장 테니스장,전라북도 장수군 장수읍 장천로 250,
642,정상운영,,테니스장,,,,서울특별시,,응봉공원테니스장,,
643,정상운영,35.22229126,테니스장,광산구,비아동,126.8306295,광주광역시,062-960-8723,첨단테니스장,광주광역시 광산구 첨단과기로 45-11 (비아동),광주광역시 광산구 비아동 35-6
644,정상운영,,테니스장,무안군,,,전라남도,,청계테니스장,,
645,정상운영,38.05818967,테니스장,인제군,남북리,128.1641521,강원도,033-460-2281,인제테니스장,강원도 인제군 인제읍 비봉로44번길 113,
646,정상운영,37.67118689,테니스장,옹진군,연평리,125.7094918,인천광역시,032-899-2262,연평면새마을리테니스장,인천광역시 옹진군 연평면 연평로 301 (연평간부숙소),
647,정상운영,37.47219899,테니스장,울릉군,남서리,130.8347784,경상북도,054-790-6372,남양테니스장,경상북도 울릉군 서면 남서길 78-59,경상북도 울릉군 서면 남서리 93-1
648,정상운영,,테니스장,계룡시,,,충청남도,,종합운동장테니스장,,
649,정상운영,37.49313377,테니스장,부천시,중동,126.7742487,경기도,032-625-2501,복사골공원테니스장,경기도 부천시 장말로293번길 45 (중동),경기도 부천시 중동 1212 노인정
650,정상운영,,테니스장,영도구,,,부산광역시,,복합문화공원테니스장,,
651,정상운영,35.24964574,테니스장,창원시,봉곡동,128.6537797,경상남도,055-212-4063,봉곡운동장테니스장,경상남도 창원시 의창구 서곡길 84 (봉곡동),
652,정상운영,37.31463381,테니스장,의왕시,월암동,126.9587562,경기도,031-345-2544,부곡체육공원테니스장,경기도 의왕시 부곡공원길 6 (월암동),경기도 의왕시 월암동  421 부곡체육공원
653,정상운영,37.37834196,테니스장,안양시,호계동,126.9641679,경기도,031-8045-5082,자유공원 테니스장,경기도 안양시 동안구 평촌대로 70 (호계동),경기도 안양시 동안구 호계동  1112-1
654,정상운영,37.33959888,테니스장,시흥시,정왕동,126.7570731,경기도,,정왕동체육공원내테니스장,경기도 시흥시 역전로 50 (정왕동),경기도 시흥시 정왕동  2158 시흥시 배드민턴장
655,폐업,34.81277665,테니스장,보성군,조성리,127.2436573,전라남도,061-850-5958,조성테니스장,전라남도 보성군 조성면 월평길 78-2,
656,정상운영,37.50421256,테니스장,송파구,,127.1124219,서울특별시,02-415-8427,송파테니스장,송파1동 106,서울 송파구 송파1동 106
657,정상운영,35.29715933,테니스장,산청군,하정리,127.9783519,경상남도,055-970-6433,남부 테니스장,경상남도 산청군 신안면 원지로122번길 28-31,경상남도 산청군 신안면 하정리 702
658,정상운영,35.8372945,테니스장,논산시,,127.1243938,충청남도,,논산시환경사업소테니스장,덕진동 1가 1220,전북 전주시 덕진구 덕진동1가 1220
659,정상운영,35.18756964,테니스장,진주시,신안동,128.0659945,경상남도,055-749-7435,생활체육테니스장,경상남도 진주시 신안로 137 (신안동),
660,정상운영,36.95800444,테니스장,충주시,용관동,127.884992,충청북도,043-850-3904,장애인론볼및테니스장,충청북도 충주시 창현로 1400 (용관동),충청북도 충주시 용관동 54-2
661,정상운영,36.98239656,테니스장,단양군,상진리,128.3540324,충청북도,043-420-2582,단양테니스장,충청북도 단양군 단양읍 상진로 31,
662,정상운영,35.51902657,테니스장,창녕군,퇴천리,128.505945,경상남도,055-530-1486,창녕공설테니스장,경상남도 창녕군 창녕읍 창녕대로 309,경상남도 창녕군 창녕읍 퇴천리 100 창녕테니스장
663,정상운영,,테니스장,동구,,,광주광역시,062-608-2433,용산테니스장,,
664,정상운영,,테니스장,의령군,,,경상남도,,부림테니스장,,
665,정상운영,36.39150837,테니스장,의성군,,128.4292755,경상북도,054-8306-544,의성생활체육공원테니스장,,경북 의성군 단북면 노연리 391-1
666,폐업,34.98742524,테니스장,무안군,성동리,126.4812019,전라남도,061-450-4097,무안연식정구장,전라남도 무안군 무안읍 대사동길 22-5,
667,정상운영,35.80326345,테니스장,진안군,,126.903681,전라북도,063-430-2255,진안공설운동장테니스장,,검산동
668,정상운영,34.94206077,테니스장,사천시,벌리동,128.087151,경상남도,055-831-2421,삼천포공설테니스장,경상남도 사천시 주공로 32 (벌리동),
669,정상운영,36.62514893,테니스장,청주시,탑연리,127.3547894,충청북도,043-201-7575,강내생활체육공원테니스장,충청북도 청주시 흥덕구 강내면 석화사인길 13-51,
670,정상운영,,테니스장,옹진군,,,인천광역시,,자월면대이작테니스장,,
671,정상운영,,테니스장,옹진군,,,인천광역시,,자월면승봉리테니스장,,
672,정상운영,,테니스장,횡성군,,,강원도,033-340-5964,유동테니스장,,
673,정상운영,37.66491669,테니스장,남양주시,별내동,127.118584,경기도,031-590-4941,별내테니스장,경기도 남양주시 별내3로 308 (별내동),경기도 남양주시 별내동 858 장난감도서관 및 U통합관제센터
674,정상운영,35.13038926,테니스장,남구,봉선동,126.9125288,광주광역시,062-652-7018,봉선테니스장,광주광역시 남구 대남대로117번길 40 (봉선동),광주광역시 남구 봉선동  1016
675,정상운영,37.39013727,테니스장,안양시,평촌동,126.9613302,경기도,,중앙공원테니스장,경기도 안양시 동안구 관평로 149 (평촌동),경기도 안양시 동안구 평촌동  895 중앙공원관리부속
676,정상운영,35.42493764,테니스장,남원시,서곡리,127.4432091,전라북도,063-620-5619,문화체육센터테니스장,전라북도 남원시 이백면 이백로 333,전라북도 남원시 이백면 서곡리 153 남뭔문화체육센터
677,정상운영,35.37657841,테니스장,의령군,성황리,128.3322888,경상남도,055-5702-422,정곡공설운동장테니스장,경상남도 의령군 정곡면 법정로 851-8,경상남도 의령군 정곡면 성황리 793
678,정상운영,,테니스장,전주시,,,전라북도,063-281-2937,완산생활체육공원전주실내테니스장,,
679,정상운영,35.70177306,테니스장,달성군,성하리,128.443341,대구광역시,053-668-2182,달성종합스포츠파크테니스장,대구광역시 달성군 현풍면 현풍동로 170,
680,정상운영,34.88254691,테니스장,거제시,고현동,128.6176252,경상남도,055-639-3914,거제시립테니스장,경상남도 거제시 계룡로11길 27 (고현동),
681,정상운영,35.94115974,테니스장,무주군,사천리,127.6574441,전라북도,063-320-5855,면생활체육공원(적상테니스장),전라북도 무주군 적상면 구억로 43,
682,정상운영,37.60592658,테니스장,남양주시,이패동,127.1777904,경기도,031-590-8750,남양주체육문화센터테니스장,경기도 남양주시 다산지금로 91 (이패동),"경기도 남양주시 이패동 산87 남양주체육문화센터,남양주도시공사"
683,정상운영,36.08899015,테니스장,서천군,사곡리,126.6899039,충청남도,041-950-6859,사곡근린테니스장,충청남도 서천군 서천읍 서천로232번길 27,
684,정상운영,,테니스장,함양군,,,경상남도,,함양생활체육공원테니스장,,
685,정상운영,37.25894812,테니스장,옹진군,내리,126.4730065,인천광역시,032-899-2262,영흥면체육시설테니스장,인천광역시 옹진군 영흥면 영흥로348번길 175-29,
686,정상운영,35.25993549,테니스장,김해시,,128.8804572,경상남도,,시민체육공원테니스장,삼계동 산 4-1,경남 김해시 삼계동 산 4-1
687,정상운영,37.41355083,테니스장,남동구,도림동,126.7246227,인천광역시,032-453-2155,주적체육공원테니스장,인천광역시 남동구 논고개로 236 (도림동),인천광역시 남동구 도림동 412-9
688,정상운영,37.50679133,테니스장,부평구,부평동,126.7265587,인천광역시,032-509-6973,신트리공원테니스장,인천광역시 부평구 장제로189번길 10 (부평동),
689,정상운영,,테니스장,원주시,,,강원도,033-737-4308,원주테니스장,,
690,정상운영,38.12259859,테니스장,인제군,원통리,128.1956952,강원도,033-460-2281,원통생활체육공원내테니스장,강원도 인제군 북면 원통로117번길 72,
691,정상운영,35.85000252,테니스장,,성당동,128.563702,대구광역시,053-602-2032,유니버시아드테니스장,대구광역시 달서구 두류공원로 161 (성당동),"대구광역시 달서구 성당동  154 두류공원관리사무소, 테니스장"
692,정상운영,,테니스장,서대문구,,,서울특별시,02-330-1129,홍은동테니스장,,
693,정상운영,,테니스장,홍성군,,,충청남도,,홍주종합경기장테니스장,,
694,정상운영,35.87068466,테니스장,수성구,만촌동,128.6403889,대구광역시,053-666-2183,화랑공원테니스장,대구광역시 수성구 만촌로 125 (만촌동),
695,정상운영,37.28578941,테니스장,이천시,무촌리,127.4966659,경기도,031-644-4317,종합운동장 정구장,경기도 이천시 부발읍 중부대로 1696,
696,정상운영,34.86123657,테니스장,남해군,,128.0155321,경상남도,055-860-8664,창선생활체육공원테니스장,,경남 남해군 창선면 상죽리 10-9
697,폐업,34.83763764,테니스장,남해군,,127.8966843,경상남도,055-860-8664,창선테니스장,남해읍 북변리 79-1,
698,정상운영,37.34815103,테니스장,정선군,,128.788339,강원도,033-560-2547,화암테니스장,강원 정선군 화암면 화암리 516-1,강원 정선군 화암면 화암리 516-1
699,정상운영,35.22051868,테니스장,창원시,상남동,128.6864033,경상남도,,한마음푸르미운동장테니스장,경남 창원시 성산구 상남동 42-2,경남 창원시 성산구 상남동 42-2
700,정상운영,35.28320009,테니스장,함안군,,128.4014663,경상남도,,함안테니스장,가야읍 도항리 249-1,경남 함안군 가야읍 도항리 249-1
701,정상운영,,테니스장,익산시,,,전라북도,,함열올림픽스포츠센터테니스장,,
702,정상운영,,테니스장,양양군,,,강원도,033-670-2732,해오름테니스장,,
703,정상운영,35.60983024,테니스장,임실군,이도리,127.2826705,전라북도,063-640-2904,임실군공설운동장테니스장,전라북도 임실군 임실읍 호국로 1640,전라북도 임실군 임실읍 이도리 429-1 공설운동장
704,정상운영,,테니스장,포항시,,,경상북도,,청하테니스장,,
705,정상운영,34.56703816,테니스장,해남군,해리,126.6204939,전라남도,061-530-5793,우슬테니스장,전라남도 해남군 해남읍 해남로 72,
706,정상운영,37.26208717,테니스장,수원시,원천동,127.0658785,경기도,031-228-3201,나촌배수지테니스장,경기도 수원시 영통구 매영로199번길 50 (원천동),경기도 수원시 영통구 원천동 419-25
707,정상운영,37.2466433,테니스장,수원시,고색동,126.9906106,경기도,031-228-3201,고색중보들공원테니스장,,경기 수원시 권선구 고색동 1129
708,정상운영,,테니스장,시흥시,,,경기도,,배곧테니스장,,
709,정상운영,37.23810476,테니스장,용인시,,127.107432,경기도,,공세동테니스장,,
710,정상운영,37.35580831,테니스장,의왕시,오전동,126.9751499,경기도,031-345-2544,고천배수지테니스장,경기도 의왕시 오전로 126 (오전동),경기도 의왕시 오전동  291-1
711,정상운영,37.33110591,테니스장,이천시,도암리,127.4338081,경기도,031-526-9416,이천선수촌 테니스장,경기도 이천시 신둔면 석동로 167,
712,정상운영,37.71577885,테니스장,파주시,,126.7393321,경기도,,운정건강공원1테니스장,와석순환로198,경기 파주시 와석순환로 198
713,정상운영,,테니스장,파주시,,,경기도,,운정건강공원2테니스장,,
714,정상운영,,테니스장,파주시,,,경기도,,월롱100주년기념체육관테니스장,,
715,정상운영,,테니스장,파주시,,,경기도,,법원체육공원테니스장,,
716,정상운영,37.22421308,테니스장,화성시,,127.0763902,경기도,,남양택지테니스장,석우동4,경기 화성시 석우동 4
717,정상운영,34.80789922,테니스장,거제시,구조라리,128.6939144,경상남도,055-6393-913,구조라테니스장,경상남도 거제시 일운면 구조라로2길 26,경상남도 거제시 일운면 구조라리 58-2
718,정상운영,34.84482938,테니스장,남해군,차산리,127.902207,경상남도,055-860-8664,남해공설테니스장,경상남도 남해군 남해읍 선소로16번길 120,경상남도 남해군 남해읍 차산리 694 남해군공설테니스장 관리사무실
719,정상운영,,테니스장,창원시,,,경상남도,,진동돈사단지테니스장,,
720,정상운영,35.82111702,테니스장,경산시,상방동,128.7437748,경상북도,053-810-5425,경산생활체육공원테니스장,경상북도 경산시 남매로 100 (상방동),경상북도 경산시 상방동 10 경산생활체육공원
721,정상운영,,테니스장,양천구,,,서울특별시,,해누리테니스장,,
722,정상운영,,테니스장,용산구,,,서울특별시,,한강시민공원이촌지구테니스장,,
723,정상운영,36.59020552,테니스장,세종시,죽림리,127.3014376,세종특별자치시,,조치원체육공원테니스장,세종특별자치시  조치원읍 허만석로 98,세종특별자치시  조치원읍 죽림리 303 세종특별자치시상하수도사업소
724,정상운영,36.4635113,테니스장,세종시,용포리,127.2866705,세종특별자치시,,금남생활체육공원테니스장,세종특별자치시  금남면 용포중앙1길 54,세종특별자치시  금남면 용포리 28 금남면게이트볼장
725,정상운영,36.69058899,테니스장,세종시,읍내리,127.2022041,세종특별자치시,044-301-5819,전의생활체육공원테니스장,세종특별자치시  전의면 읍내황골1길 63,세종특별자치시  전의면 읍내리 5-1
726,정상운영,36.72510488,테니스장,세종시,,127.1504347,세종특별자치시,,소정테니스장,,
727,정상운영,,테니스장,남구,,,울산광역시,,온산하수처리장테니스장,,
728,정상운영,37.54518678,테니스장,,연희동,126.6650985,인천광역시,032-440-4325,아시아드주경기장내테니스장,인천광역시 서구 봉수대로 806 (연희동),
729,정상운영,37.72929871,테니스장,양천구,,126.7336492,서울특별시,,목동테니스장,,목동915번지
730,정상운영,34.4849366,테니스장,진도군,,126.2756772,전라남도,,진도테니스장,진도읍동외리,전남 진도군 진도읍 동외리
731,정상운영,,테니스장,익산시,,,전라북도,,배산체육공원테니스장,,
732,정상운영,37.64303744,테니스장,남양주시,녹촌리,127.2972516,경기도,031-590-4854,화도테니스장,경기 남양주시 화도읍 녹촌리 99-21,경기 남양주시 화도읍 녹촌리 99-21
733,정상운영,34.99454997,테니스장,나주시,,126.6991797,전라남도,,환경사업소테니스장,나주시운곡동107,전남 나주시 운곡동 107
734,정상운영,35.43200355,테니스장,목포시,,129.1721212,전라남도,,목포시립테니스장,,용당동1069
735,정상운영,35.43200355,테니스장,목포시,,129.1721212,전라남도,,목포시립정구장,,용당동1069
736,정상운영,35.5827283,테니스장,목포시,,128.8064155,전라남도,,목포시민테니스장,,상동349-1
737,정상운영,34.80761586,테니스장,영암군,역리,126.7023348,전라남도,061-470-6491,영암종합스포츠타운 테니스장,전라남도 영암군 영암읍 낭주로 202-3,
738,정상운영,38.08583518,테니스장,화천군,사창리,127.5233085,강원도,033-440-4552,화악테니스장,강원도 화천군 사내면 솔대길 17 (늘푸른아파트),강원도 화천군 사내면 사창리 94 늘푸른아파트
739,정상운영,37.61529366,테니스장,평창군,창동리,128.3827422,강원도,033-330-2013,봉평테니스장,강원도 평창군 봉평면 방축동길 39-26,강원도 평창군 봉평면 창동리 324
740,정상운영,37.63279155,테니스장,평창군,하진부리,128.5577909,강원도,033-330-2754,진부테니스장(진부체육공원),강원도 평창군 진부면 오대천로 1958-51,강원도 평창군 진부면 하진부리 1289-46
741,정상운영,37.55040183,테니스장,강서구,,126.8435552,서울특별시,02-2600-4185,우장테니스장,화곡동 산60-1,서울 강서구 화곡동 산 60-1
742,정상운영,37.30028208,테니스장,수원시,,127.0017776,경기도,,만석공원테니스장,송죽동 305,경기 수원시 장안구 송죽동 305
743,정상운영,37.44700967,테니스장,성남시,,127.1508861,경기도,031-729-3055,희망대테니스장,신흥동 2344번지,경기 성남시 수정구 신흥동 2344
744,정상운영,37.5048801,테니스장,부천시,춘의동,126.7965341,경기도,032-625-2501,부천종합운동장 테니스장,경기도 부천시 길주로 486 (춘의동),경기도 부천시 춘의동 35 현업분소
745,정상운영,37.4725279,테니스장,부천시,,126.7889617,경기도,032-625-2501,성주산생활체육공원 테니스장,경기 부천시 소사본동 산 70-4,경기 부천시 소사본동 산 70-4
746,정상운영,37.22030863,테니스장,화성시,,126.9890304,경기도,,야생초공원테니스장,기안동 896,경기 화성시 기안동 896
747,정상운영,37.37357641,테니스장,여주시,,127.5815881,경기도,,대신체육공원테니스장,대신면 율촌리 산40,경기 여주시 대신면 율촌리 산 40
748,정상운영,37.36001554,테니스장,평창군,종부리,128.3927714,강원도,033-330-2013,평창공설테니스장,강원도 평창군 평창읍 종부로 69-27,강원도 평창군 평창읍 종부리 596-3 평창종합운동장
749,정상운영,37.46600771,테니스장,정선군,,128.6759983,강원도,033-560-2547,북평테니스장,북평면 북평2리 63-2,강원 정선군 북평면 북평리 2
750,정상운영,37.12966978,테니스장,제천시,신백동,128.2287885,충청북도,043-641-5593,신백생활체육공원,충청북도 제천시 관전로 54 (신백동),충청북도 제천시 신백동 194-2
751,정상운영,36.00262229,테니스장,무주군,당산리,127.6614898,전라북도,063-320-5616,반딧불체육관테니스장,전라북도 무주군 무주읍 한풍루로 326-14,
752,정상운영,,테니스장,,,,부산광역시,,생곡환경공원테니스장,,
753,정상운영,37.34337794,테니스장,평창군,창리,128.4982356,강원도,033-330-2013,미탄테니스장,강원도 평창군 미탄면 횟골길 35,강원도 평창군 미탄면 창리 600
754,정상운영,35.7271809,테니스장,고령군,장기리,128.280809,경상북도,054-950-6343,고령테니스장,경상북도 고령군 대가야읍 회천로 11,경상북도 고령군 대가야읍 장기리 331-3
755,정상운영,35.91081876,테니스장,성주군,성산리,128.2839509,경상북도,054-930-6784,성주생활체육공원테니스장,경상북도 성주군 성주읍 상성로 1399,
756,정상운영,35.24829176,테니스장,창원시,사림동,128.6826938,경상남도,055-212-4063,사림운동장테니스장,경상남도 창원시 의창구 사림로85번길 31 (사림동),
757,정상운영,35.23106648,테니스장,창원시,,128.6956941,경상남도,,웅남주민운동장테니스장,토월동 709,경남 창원시 성산구 토월동 709
758,정상운영,34.90005323,테니스장,거제시,옥포동,128.6868302,경상남도,055-639-3914,옥포테니스장,경상남도 거제시 옥포로 296-8 (옥포동),
759,정상운영,36.06979486,테니스장,포항시,두호동,129.3847786,경상북도,054-270-2804,해맞이정구장,경상북도 포항시 북구 삼흥로100번길 41-31 (두호동),경상북도 포항시 북구 두호동  산27
760,정상운영,35.86045256,테니스장,달성군,매곡리,128.4546527,대구광역시,053-668-2182,다사테니스장,대구광역시 달성군 다사읍 달구벌대로 754,
761,정상운영,36.65672436,테니스장,예천군,동본리,128.4626101,경상북도,054-650-6093,예천군실내테니스장,경상북도 예천군 예천읍 충효로 393,경상북도 예천군 예천읍 동본리 434-1 청소년수련관
762,정상운영,36.08098912,테니스장,포항시,양덕동,129.4046294,경상북도,054-270-2804,양덕체육공원 테니스장,경상북도 포항시 북구 양덕로30번길 20 (양덕동),경상북도 포항시 북구 양덕동  1850
763,정상운영,37.2976649,테니스장,수원시,정자동,126.9883063,경기도,031-228-2206,정자 테니스장 ,경기도 수원시 장안구 만석로 65 (정자동),경기도 수원시 장안구 정자동  869-1 북수원도서관
764,정상운영,36.54746228,테니스장,안동시,정하동,128.7244246,경상북도,054-840-5506,안동시민운동장테니스장(실내),경상북도 안동시 운동장길 53 (정하동),경상북도 안동시 정하동  417 안동시민공설운동장
765,정상운영,37.2736314,테니스장,수원시,인계동,127.0350112,경기도,,수원청소년문화센터,경기도 수원시 팔달구 권광로 293 (인계동),경기도 수원시 팔달구 인계동  333
766,폐업,35.06367351,테니스장,서구,암남동,129.020072,부산광역시,051-240-4782,암남공원 테니스장,부산광역시 서구 암남공원로 179-40 (암남동),
767,정상운영,37.17418734,테니스장,영월군,하송리,128.4596418,강원도,033-372-4005,스포츠파크 테니스장,강원도 영월군 영월읍 제방안길 100,강원도 영월군 영월읍 하송리 56 영월스포츠파크
768,정상운영,35.10407203,테니스장,남구,용호동,129.1118127,부산광역시,051-607-6365,백운포체육공원테니스장,부산광역시 남구 백운포로 108 (용호동),부산광역시 남구 용호동  895-3 백운포체육공원 관리동
769,정상운영,35.13387648,테니스장,,풍암동,126.879739,광주광역시,062-613-3542,전전후테니스장,광주광역시 서구 금화로 278 (풍암동),
770,정상운영,37.6764217,테니스장,고양시,대화동,126.7430656,경기도,031-8075-2341,성저테니스장,경기도 고양시 일산서구 중앙로 1601 (대화동),
771,정상운영,34.72789182,테니스장,거제시,다포리,128.6255967,경상남도,055-6393-913,다포테니스장,경상남도 거제시 남부면 거제남서로 81-9,경상남도 거제시 남부면 다포리 169 국립수산과학원 육종연구센터
772,정상운영,37.0236304,테니스장,음성군,덕정리,127.4915782,충청북도,043-871-2482,삼성생활체육공원테니스장,충청북도 음성군 삼성면 금일로 992-34,
773,정상운영,38.09669186,테니스장,양구군,,127.9854254,강원도,033-480-2319,정림리테니스장,강원 양구군 양구읍 정림리 103,강원 양구군 양구읍 정림리 103
774,정상운영,34.94013968,테니스장,순천시,연향동,127.5190737,전라남도,061-749-8483,팔마정구장,전라남도 순천시 팔마로 333 (연향동),
775,정상운영,37.7299825,테니스장,강화군,신정리,126.5072521,인천광역시,032-930-3228,강화실내테니스장,인천광역시 강화군 선원면 고식이길 177,
776,정상운영,37.66923813,테니스장,,대화동,126.7393363,,,안전공단 테니스장,경기도 고양시 일산서구 고양대로 283 (대화동),
777,정상운영,37.77596726,테니스장,강화군,,126.4106701,인천광역시,032-930-3228,강서테니스장,,인천 강화군 하점면 신봉리 산 35
778,정상운영,35.17539673,테니스장,해운대구,재송동,129.1237581,부산광역시,051-888-3444,센텀테니스장,부산광역시 해운대구 센텀북대로 32 (재송동),
779,정상운영,37.47720433,테니스장,양평군,교평리,127.4854804,경기도,031-770-2147,강상 테니스장,경기도 양평군 강상면 신화길 10,
780,정상운영,37.51814766,테니스장,양평군,옥천리,127.4560503,경기도,031-770-2147,옥천레포츠공원 테니스장,경기도 양평군 옥천면 옥천길 21,
781,폐업,37.42512032,테니스장,양평군,석곡리,127.7511868,경기도,031-770-2136,양동레포츠공원 테니스장,경기도 양평군 양동면 학둔지아래길 20,
782,정상운영,37.47452598,테니스장,양평군,지평리,127.6393103,경기도,031-770-2147,지평레포츠공원 테니스장,경기도 양평군 지평면 지평의병로116번길 1,
783,정상운영,37.42598916,테니스장,양평군,하자포리,127.5367981,경기도,031-770-2147,개군레포츠공원 테니스장,경기도 양평군 개군면 하자포길33번길 8,
784,정상운영,37.60658353,테니스장,양평군,문호리,127.3487122,경기도,031-770-2147,서종생활체육공원 테니스장,경기도 양평군 서종면 북한강로 777,
785,정상운영,37.55625546,테니스장,양평군,용두리,127.7107226,경기도,031-770-2147,청운레포츠공원 테니스장,경기도 양평군 청운면 용두로 170,
786,정상운영,36.89937637,테니스장,진천군,두촌리,127.5481525,충청북도,043-531-1564,법무연수원 진천본원 테니스장 ,충청북도 진천군 덕산면 교연로 780,
787,정상운영,36.89937637,테니스장,진천군,두촌리,127.5481525,충청북도,043-531-1564,법무연수원 진천본원 교정테니스장,충청북도 진천군 덕산면 교연로 780,
788,정상운영,37.54397899,테니스장,양평군,용담리,127.3260518,경기도,031-770-2147,양서 동네테니스장,경기도 양평군 양서면 목왕로 31,
789,정상운영,37.56292189,테니스장,강동구,암사동,127.1298499,서울특별시,,강일테니스장,서울특별시 강동구 선사로 185-118 (암사동),
790,정상운영,36.42249239,테니스장,상주시,복룡동,128.1840921,경상북도,054-537-7675,상주시생활체육공원테니스장,경상북도 상주시 영남제일로 1432 (복룡동),
791,정상운영,35.30407023,테니스장,장성군,기산리,126.7675022,전라남도,061-390-8473,워라벨 돔 경기장,전라남도 장성군 장성읍 문화로 110,전라남도 장성군 장성읍 기산리 388
792,폐업,37.30174803,테니스장,용인시,유운리,127.2070771,경기도,,용인레스피아테니스장,경기도 용인시 처인구 포곡읍 옥현로 58,경기도 용인시 처인구 포곡읍 유운리 1-1 용인레스피아
793,정상운영,35.13213608,테니스장,사상구,감전동,128.9698271,부산광역시,,엄궁유수지 테니스장,부산광역시 사상구 강변대로532번길 71 (감전동),부산광역시 사상구 감전동 516
794,정상운영,,테니스장,김포시,,,경기도,031-996-8020,솔터테니스장,경기도 김포시 김포한강3로 387 (마산동),경기도 김포시 마산동 642-1
795,정상운영,36.54746228,테니스장,안동시,정하동,128.7244246,경상북도,054-840-5506,안동시민운동장테니스장,경상북도 안동시 운동장길 53 (정하동),경상북도 안동시 정하동  417 안동시민공설운동장
796,정상운영,35.13491607,테니스장,동구,수정동,129.0399171,부산광역시,051-440-4374,수정5동테니스장,부산광역시 동구 수정공원로105번길 20 (수정동),부산광역시 동구 수정동 513-33
797,정상운영,35.56494002,테니스장,중구,우정동,129.3090011,울산광역시,052-290-3673,중구테니스장,울산광역시 중구 종가로 305 (우정동),울산광역시 중구 우정동 526 한국석유공사
798,정상운영,37.72723376,테니스장,의정부시,호원동,127.0353461,경기도,031-828-4072,호원실내테니스장,경기도 의정부시 범골로35번길 87 (호원동),경기도 의정부시 호원동 381-27
799,정상운영,35.62871275,테니스장,함양군,석천리,127.8185246,경상남도,055-960-4146,안의생활체육공원 테니스장,경상남도 함양군 안의면 거함대로 1642,경상남도 함양군 안의면 석천리 59-2
800,정상운영,36.31386905,테니스장,보령시,옥동리,126.6038428,충청남도,041-930-4970,보령테니스장(종합경기장),충청남도 보령시 남포면 보령남로 347,충청남도 보령시 남포면 옥동리 331-11
801,정상운영,36.31382399,테니스장,보령시,옥동리,126.6038431,충청남도,041-930-4970,보령테니스장(종합경기장),충청남도 보령시 남포면 보령남로 347,충청남도 보령시 남포면 옥동리 331-11
802,정상운영,36.31390528,테니스장,보령시,옥동리,126.6038983,충청남도,041-930-4970,보령테니스장(종합운동장),충청남도 보령시 남포면 보령남로 347,충청남도 보령시 남포면 옥동리 331-11
803,정상운영,35.15691489,테니스장,부산진구,전포동,129.0760065,부산광역시,,황령산레포츠공원테니스장,부산광역시 부산진구 진남로328번길 99 (전포동),부산광역시 부산진구 전포동 산36
804,정상운영,36.71497209,테니스장,청주시,구룡리,127.4174024,충청북도,043-201-8621,청원공설테니스장,충청북도 청주시 청원구 오창읍 오창대로 197,충청북도 청주시 청원구 오창읍 구룡리 375
805,정상운영,37.1738742,테니스장,영월군,덕포리,128.4744528,강원도,033-370-2918,덕포 테니스장,강원도 영월군 영월읍 덕포하리2길 62-14,강원도 영월군 영월읍 덕포리 801-11
806,정상운영,35.46485558,테니스장,의령군,신반리,128.3194268,경상남도,055-5702-422,청심테니스장,경상남도 의령군 부림면 대한로 1709-3,경상남도 의령군 부림면 신반리 185 청심테니스클럽
807,정상운영,,테니스장,화성시,,,경기도,031-369-6273,테니스장(화성시청),화성시 납양읍 남양리 2000 ,화성시 납양읍 남양리 2000 
808,정상운영,37.64438435,테니스장,노원구,상계동,127.0599219,서울특별시,02-2116-3781,마들스타디움 테니스장,서울특별시 노원구 덕릉로 460 (상계동),
809,정상운영,37.34436201,테니스장,원주시,단계동,127.9356357,강원도,,단계어린이공원체육시설,강원도 원주시 서원대로 205-1 (단계동),
810,정상운영,36.9498436,테니스장,평택시,본정리,127.01129,경기도,031-8024-3351,팽성서부체육시설테니스장,경기도 평택시 팽성읍 본정2길 1-1,
811,정상운영,36.96220967,테니스장,평택시,송화리,127.0530005,경기도,031-8024-3351,안정근린공원  테니스장,경기도 평택시 팽성읍 안정순환로263번길 64-9,
812,정상운영,38.11746502,테니스장,양구군,하리,127.9894219,강원도,033-480-2319,양구실내테니스장,강원도 양구군 양구읍 함춘로 106,강원도 양구군 양구읍 하리 436-1 양구실내테니스장
813,정상운영,37.23327028,테니스장,이천시,대흥리,127.4755143,경기도,031-644-4315,대월면체육공원 테니스장,경기도 이천시 대월면 대산로 125-52,
814,정상운영,33.27708261,테니스장,서귀포시,신례리,126.640673,제주특별자치도,064-760-3623,제주공천포전지훈련센터 테니스장,제주특별자치도 서귀포시 남원읍 신례로 96,
815,정상운영,33.25828338,테니스장,서귀포시,동홍동,126.564436,제주특별자치도,064-760-3623,서귀포테니스장,제주특별자치도 서귀포시 동홍로99번길 36 (동홍동),
816,정상운영,37.39821897,테니스장,성남시,삼평동,127.1027406,경기도,031-729-4192,판교수질복원센터테니스장,경기도 성남시 분당구 판교로228번길 51 (삼평동),
817,정상운영,37.59696014,테니스장,서대문구,홍은동,126.9404151,서울특별시,02-330-1129,홍은테니스장,서울특별시 서대문구 통일로48나길 33 (홍은동),
818,정상운영,37.51624277,테니스장,횡성군,둔방내리,128.2154328,강원도,033-340-5955,둔내테니스경기장,강원도 횡성군 둔내면 경강로 4708,
819,정상운영,37.48674429,테니스장,양평군,다문리,127.5957114,경기도,031-770-2147,용문 테니스장,경기도 양평군 용문면 용문로 389,
820,정상운영,37.48642973,테니스장,양평군,양근리,127.4935136,경기도,031-770-2147,갈산생활체육공원 테니스장,경기도 양평군 양평읍 양근강변길 7,
821,정상운영,37.49497184,테니스장,양평군,운심리,127.4104507,경기도,031-770-2147,강하생활체육공원 테니스장,경기도 양평군 강하면 운심길 40-8,
822,정상운영,35.94513587,테니스장,완주군,용암리,127.1264423,전라북도,063-290-3343,완주산업단지 매동공원 테니스장,전라북도 완주군 봉동읍 과학로 850-15,
823,정상운영,35.22436509,테니스장,해운대구,반송동,129.1525102,부산광역시,,반송테니스장,부산광역시 해운대구 반송순환로 154 (반송동),
824,정상운영,35.51719958,테니스장,함양군,백연리,127.7163,경상남도,055-960-4462,함양생활체육공원테니스장,경상남도 함양군 함양읍 삼휴길 60-4,경상남도 함양군 함양읍 백연리 657
825,정상운영,37.29566662,테니스장,용인시,마북동,127.115368,경기도,031-324-2254,마북동 테니스장,경기도 용인시 기흥구 구성로 51 (마북동),
826,정상운영,37.57401924,테니스장,서대문구,현저동,126.9527769,서울특별시,02-330-1129,현저테니스장,서울특별시 서대문구 통일로 279-37 (현저동),
827,정상운영,36.08064094,테니스장,금산군,하옥리,127.4897896,충청남도,041-752-3474,금산군 테니스장,충청남도 금산군 금산읍 금산로 1229-5,
828,정상운영,36.63924583,테니스장,청주시,연제리,127.3272349,충청북도,043-719-0015,생명과학단지 테니스장,충청북도 청주시 흥덕구 오송읍 오송생명2로 187,
829,정상운영,35.1635604,테니스장,해운대구,좌동,129.1782786,부산광역시,051-888-3444,좌동테니스장,부산광역시 해운대구 좌동순환로402번길 16 (좌동),
830,정상운영,36.29490479,테니스장,옥천군,금구리,127.5727126,충청북도,043-730-4884,옥천중앙공원테니스장,충청북도 옥천군 옥천읍 서대공원길 33,
831,정상운영,37.2738047,테니스장,용인시,신갈동,127.1067475,경기도,031-324-2254,신갈동 테니스장,경기도 용인시 기흥구 신갈로 76 (신갈동),
832,정상운영,35.94513587,테니스장,완주군,용암리,127.1264423,전라북도,063-290-3343,완주산업단지 다복공원 테니스장,전라북도 완주군 봉동읍 과학로 850-15,
833,정상운영,35.17440732,테니스장,해운대구,좌동,129.1651697,부산광역시,,좌동1배수지 테니스장,부산광역시 해운대구 대천로67번길 48 (좌동),
834,정상운영,37.50166481,테니스장,평창군,대화리,128.4588383,강원도,033-330-2013,대화테니스장(대화체육공원 내),강원도 평창군 대화면 남산2길 43-3,
835,정상운영,37.49040892,테니스장,동작구,신대방동,126.9179572,서울특별시,02-2133-2694,보라매공원 테니스장,서울특별시 동작구 여의대방로20길 33 (신대방동),
836,정상운영,37.58181641,테니스장,서대문구,홍은동,126.9307814,서울특별시,02-330-1129,가좌테니스장,서울특별시 서대문구 포방터6길 11-2 (홍은동),
837,정상운영,37.35575311,테니스장,광주시,삼리,127.3304145,경기도,031-760-3722,곤지암생활체육공원 테니스장,경기도 광주시 곤지암읍 평촌길11번길 22,
838,정상운영,37.40593519,테니스장,시흥시,포동,126.784642,경기도,031-310-4361,포동 테니스장,경기도 시흥시 신현로 46 (포동),
839,정상운영,37.28578941,테니스장,이천시,무촌리,127.4966659,경기도,,종합운동장 테니스장,경기도 이천시 부발읍 중부대로 1696,
840,정상운영,37.11979964,테니스장,이천시,장호원리,127.6122178,경기도,,장호원읍체육공원 테니스장,경기도 이천시 장호원읍 서동대로8759번길 97-56,
841,정상운영,37.18234143,테니스장,이천시,소고리,127.4567668,경기도,,모가면체육공원 테니스장,경기도 이천시 모가면 공원로 168,
842,정상운영,37.23634288,테니스장,이천시,안평리,127.411501,경기도,,이천스포츠센터 테니스장,경기도 이천시 호법면 중부대로798번길 125,
843,정상운영,37.49629806,테니스장,횡성군,읍하리,127.983875,강원도,033-340-5955,섬강테니스장,강원도 횡성군 횡성읍 문화체육로 15,
844,정상운영,37.64456148,테니스장,노원구,상계동,127.0588524,서울특별시,02-2240-8706,마들근린공원 테니스장,서울특별시 노원구 덕릉로 450 (상계동),
845,정상운영,37.63836244,테니스장,노원구,월계동,127.0517414,서울특별시,02-2240-8706,초안산근린공원 테니스장,서울특별시 노원구 마들로5가길 113 (월계동),
846,정상운영,37.6387805,테니스장,노원구,공릉동,127.083239,서울특별시,02-2240-8706,공릉배수지 테니스장,서울특별시 노원구 중계로 36 (공릉동),
847,정상운영,37.07670011,테니스장,안성시,용월리,127.378411,경기도,031-678-6863,동부지역 생활체육공원 테니스장,경기도 안성시 삼죽면 용내길 32,경기도 안성시 삼죽면 용월리 421
848,정상운영,37.01605287,테니스장,안성시,신건지동,127.2478981,경기도,031-678-6863,공단 테니스장,경기도 안성시 공단1로 16-15 (신건지동),경기도 안성시 신건지동 58-2
849,정상운영,37.01723922,테니스장,안성시,마정리,127.2019741,경기도,031-678-6863,공도 대림테니스장,경기 안성시 공도읍 마정리 200-20,경기 안성시 공도읍 마정리 200-20
850,정상운영,37.4575544,테니스장,광명시,노온사동,126.8542783,경기도,02-2680-6360,시립테니스장,,경기 광명시 노온사동 20-3
851,정상운영,35.52221617,테니스장,합천군,회양리,128.0182219,경상남도,055-930-4161,대병테니스장,,경남 합천군 대병면 회양리 834-3
852,정상운영,37.64362166,테니스장,고양시,백석동,126.796188,경기도,031-8075-2689,환경에너지시설내테니스장,경기도 고양시 일산동구 경의로 115 (백석동),경기도 고양시 일산동구 백석동 1234
853,정상운영,37.39556665,테니스장,안양시,박달동,126.8935137,경기도,031-8045-2695,서조체육시설 테니스장,경기 안양시 만안구 박달동 203-1,경기 안양시 만안구 박달동 203-1
854,폐업,37.34132436,테니스장,시흥시,거모동,126.7865081,경기도,031-310-3159,거모동 체육시설(테니스),경기도 시흥시 군자로534번길 19 (거모동),경기도 시흥시 거모동 1632-20
855,정상운영,35.96651904,테니스장,진안군,송풍리,127.5202935,전라북도,063-430-8708,용담 테니스장,전라북도 진안군 용담면 대송로 17,전라북도 진안군 용담면 송풍리 924-3 용담면사무소
856,정상운영,37.30527315,테니스장,원주시,문막리,127.8147595,강원도,,문막섬강체육시설,강원도 원주시 문막읍 문막시장1길 58,
857,정상운영,37.27483165,테니스장,원주시,매지리,127.904328,강원도,,연세대인조잔디구장,강원도 원주시 흥업면 연세대길 1,
858,정상운영,37.32561966,테니스장,용인시,죽전동,127.1047628,경기도,031-324-3059,수지레스피아 테니스장,경기도 용인시 수지구 포은대로 499 (죽전동),
859,폐업,35.78844414,테니스장,진안군,군상리,127.4291307,전라북도,063-430-8708,진안 공설운동장 테니스장,전라북도 진안군 진안읍 우화2길 47-5,전라북도 진안군 진안읍 군상리 340
860,폐업,35.87296432,테니스장,진안군,봉학리,127.4288951,전라북도,063-430-8708,정천 테니스장,전라북도 진안군 정천면 봉학로 66,전라북도 진안군 정천면 봉학리 547 정천면사무소
861,정상운영,37.09344528,테니스장,안성시,송천리,127.4746661,경기도,031-678-6863,일죽테니스장,경기도 안성시 일죽면 서동대로 7446-1,경기도 안성시 일죽면 송천리 산35-10
862,정상운영,35.10329101,테니스장,남구,용호동,129.110503,부산광역시,051-607-3614,백운포체육공원 테니스장,부산광역시 남구 백운포로 108 (용호동),부산광역시 남구 용호동 895-3 백운포체육공원 관리동
863,정상운영,35.89490719,테니스장,진안군,노성리,127.550204,전라북도,063-430-8708,안천 테니스장,,전북 진안군 안천면 노성리 1222
864,정상운영,37.00503103,테니스장,안성시,옥산동,127.2512508,경기도,031-678-6863,아양지구 근린공원 내 정구장,,경기 안성시 옥산동 359
865,정상운영,35.23378309,테니스장,김해시,외동,128.8566513,경상남도,,경운테니스장,경상남도 김해시 함박로 21 (외동),경상남도 김해시 외동 1205 함박공원 공중화장실
866,정상운영,37.41550882,테니스장,안양시,박달동,126.8904264,경기도,031-8045-2695,안양새물공원 테니스장,경기도 안양시 만안구 석천로 1 (박달동),경기도 안양시 만안구 박달동 655
867,정상운영,35.83084413,테니스장,남구,봉덕동,128.5971304,대구광역시,053-664-2184,강당골체육공원 테니스장,대구광역시 남구 앞산순환로 686 (봉덕동),대구광역시 남구 봉덕동 산1272-1 남구 국민체육센터
868,정상운영,35.27323781,테니스장,산청군,천평리,127.8349663,경상남도,055-970-6433,덕산체육공원 테니스장,경남 산청군 시천면 천평리 570-1,경남 산청군 시천면 천평리 570-1
869,정상운영,35.83177184,테니스장,완주군,반교리,127.0261325,전라북도,063-907-5036,지방자치인재개발원 테니스장,전라북도 완주군 이서면 반교로 150,전라북도 완주군 이서면 반교리 703 지방자치인재개발원
870,정상운영,35.15983792,테니스장,서구,농성동,126.8848382,광주광역시,062-360-7193,농성동테니스장,,광주 서구 농성동 417-8
871,정상운영,37.2674906,테니스장,수원시,금곡동,126.9332647,경기도,031-228-3201,호매실배수지 테니스장,경기도 수원시 권선구 칠보로1번길 89 (금곡동),경기도 수원시 권선구 금곡동 746-26 호매실 배수지
872,폐업,36.96292225,테니스장,평택시,만호리,126.8505842,경기도,031-8024-8242,신당 근린공원 테니스장,경기 평택시 포승읍 만호리 산 52-5,경기 평택시 포승읍 만호리 산 52-5
873,정상운영,37.8807885,테니스장,포천시,구읍리,127.2191617,경기도,031-538-2105,포천종합운동장 테니스장,,경기 포천시 군내면 구읍리 317
874,정상운영,37.66671573,테니스장,평창군,횡계리,128.7077015,강원도,033-330-2013,대관령테니스장 ,강원 평창군 대관령면 횡계리 726,강원 평창군 대관령면 횡계리 726
875,정상운영,35.31127219,테니스장,함안군,용산리,128.5133948,경상남도,055-580-2334,칠원 테니스장,경상남도 함안군 칠원읍 용산리 322,경상남도 함안군  칠원읍 용산리 322
876,정상운영,35.36343152,테니스장,함안군,대치리,128.4889473,경상남도,055-580-2334,칠서 테니스장,경상남도 함안군 칠서면 향촌길 20,경상남도 함안군 칠서면 대치리 347 하천수질측정
877,정상운영,37.29080105,테니스장,용인시,언남동,127.1357993,경기도,031-288-2247,법무연수원 용인분원 테니스장,경기도 용인시 기흥구 구성로 243 (언남동),경기도 용인시 기흥구 언남동 34-1 법무연수원
878,정상운영,36.81396587,테니스장,천안시,유량동,127.1885618,충청남도,041-560-5153,우정인재개발원 테니스장,충청남도 천안시 동남구 양지말1길 11-14 (유량동),충청남도 천안시 동남구 유량동 60-1 우정공무원교육원
879,정상운영,35.88361223,테니스장,동구,신서동,128.7327178,대구광역시,053-980-6532,중앙교육연수원 테니스장,대구광역시 동구 첨단로 80 (신서동),대구광역시 동구 신서동 1180 중앙교육연수원
880,정상운영,36.37809322,테니스장,유성구,가정동,127.3640268,대전광역시,042-601-4308,국제지식재산연수원 테니스장,대전광역시 유성구 과학로 82 (가정동),대전광역시 유성구 가정동 33 국제지식재산연수원
881,정상운영,37.69170616,테니스장,도봉구,도봉동,127.0468078,서울특별시,02-2091-3753,다락원체육공원 테니스장,서울특별시 도봉구 창포원로 45 (도봉동),서울특별시 도봉구 도봉동 8 다락원 체육공원
882,정상운영,37.69170616,테니스장,도봉구,도봉동,127.0468078,서울특별시,02-2091-3753,다락원체육공원 실내체육관(테니스장),서울특별시 도봉구 창포원로 45 (도봉동),서울특별시 도봉구 도봉동 8 다락원 체육공원
883,정상운영,37.44738839,테니스장,남동구,만수동,126.7306774,인천광역시,032-453-6283,제3호 남동종합문화체육광장 테니스장,인천광역시 남동구 소래로 633 (만수동),인천광역시 남동구 만수동 1008 남동구청
884,정상운영,37.44738839,테니스장,남동구,만수동,126.7306774,인천광역시,032-453-6283,제4호 남동종합문화체육광장 테니스장,인천광역시 남동구 소래로 633 (만수동),인천광역시 남동구 만수동 1008 남동구청
885,정상운영,37.1723505,테니스장,옹진군,승봉리,126.2959699,인천광역시,032-899-2262,자월면 승봉리 다목적구장,인천광역시 옹진군 자월면 승봉로29번길 92,인천광역시 옹진군 자월면 승봉리 771-1 승봉 테니스장
886,정상운영,36.49787653,테니스장,옹진군,연화리,127.265434,인천광역시,032-899-2262,연화리테니스장,인천광역시 옹진군 백령면 백령로 1157,인천광역시 옹진군 백령면 연화리 928-1
887,정상운영,37.51275697,테니스장,부천시,중동,126.7639108,경기도,032-625-2501,부천체육관 테니스장,경기도 부천시 석천로 293 (중동),경기도 부천시 중동 1024 부천체육관
888,정상운영,37.52902735,테니스장,부천시,오정동,126.7965,경기도,032-625-2501,오정레포츠센터 테니스장,경기도 부천시 상오정로 169 (오정동),경기도 부천시 오정동 782 오정레포츠센터
889,정상운영,37.47026929,테니스장,부천시,옥길동,126.827393,경기도,032-625-2501,남부수자원생태공원 테니스장,경기도 부천시 연동로 89 (옥길동),경기도 부천시 옥길동 454-1 부천남부수자원생태공원
890,정상운영,37.24707278,테니스장,화성시,유포리,126.840065,경기도,031-5189-6188,비봉체육공원 테니스장,경기도 화성시 비봉면 남이로 221,경기도 화성시 비봉면 유포리 304-1
891,정상운영,37.19830166,테니스장,화성시,오산동,127.0866204,경기도,031-5189-6188,여울공원 테니스장,,경기 화성시 오산동 1060
892,정상운영,37.11980009,테니스장,이천시,장호원리,127.6122167,경기도,031-644-4315,장호원읍체육공원 테니스장,경기도 이천시 장호원읍 서동대로8759번길 97-56,경기도 이천시 장호원읍 장호원리 331-2
893,정상운영,37.28627697,테니스장,이천시,무촌리,127.4953303,경기도,031-644-4315,종합운동장 테니스장,경기도 이천시 부발읍 중부대로 1696,경기도 이천시 부발읍 무촌리 52
894,정상운영,37.27945718,테니스장,이천시,관고동,127.4275554,경기도,031-644-4315,설봉공원 테니스장,경기도 이천시 경충대로2709번길 128(관고동),경기도 이천시 관고동 356 공원관리사업소
895,정상운영,37.23327144,테니스장,이천시,대흥리,127.4755162,경기도,031-644-4315,대월면체육공원 테니스장,경기도 이천시 대월면 대산로 125-52,경기도 이천시 대월면 대흥리 489-8
896,정상운영,37.23634206,테니스장,이천시,안평리,127.4115019,경기도,031-644-4315,이천스포츠센터 테니스장,경기도 이천시 호법면 중부대로798번길 125,경기도 이천시 호법면 안평리 787
897,정상운영,37.28627697,테니스장,이천시,무촌리,127.4953303,경기도,031-644-4315,종합운동장 정구장,경기도 이천시 부발읍 중부대로 1696,경기도 이천시 부발읍 무촌리 52
898,정상운영,37.18234196,테니스장,이천시,소고리,127.4567688,경기도,031-644-4315,모가면체육공원 테니스장,경기도 이천시 모가면 공원로 168,경기도 이천시 모가면 소고리 627
899,정상운영,37.21357071,테니스장,화성시,남양리,126.8282241,경기도,031-5189-6188,남양 테니스장,,경기 화성시 남양읍 남양리 2237
900,정상운영,37.07821778,테니스장,화성시,사랑리,126.8347092,경기도,031-5189-6188,장안남산체육공원 테니스장,,경기 화성시 장안면 사랑리 689
901,정상운영,37.13345579,테니스장,화성시,행정리,126.9290258,경기도,031-5189-6188,도원공원 테니스장,경기도 화성시 향남읍 행정동로 96,경기도 화성시 향남읍 행정리 478 화성시 역사박물관
902,정상운영,36.08904701,테니스장,서천군,사곡리,126.6902178,충청남도,041-950-6859,서천 종합운동장 테니스장,충청남도 서천군 서천읍 서천로232번길 69-2,충청남도 서천군 서천읍 사곡리 산10-2 서천체육공원
903,정상운영,35.42137996,테니스장,산청군,매촌리,127.8710488,경상남도,055-970-6433,공설 테니스장,경상남도 산청군 금서면 친환경로2631번길 35,경상남도 산청군 금서면 매촌리 1
904,정상운영,37.21357071,테니스장,화성시,남양리,126.8282241,경기도,031-5189-6188,남양 테니스장,,경기 화성시 남양읍 남양리 2237
905,정상운영,37.13261278,테니스장,화성시,행정리,126.9280086,경기도,031-5189-6188,도원체육공원 테니스장,경기도 화성시 향남읍 행정동로 96,경기도 화성시 향남읍 행정리 478 화성시 역사박물관
906,정상운영,35.19430902,테니스장,,사직동,129.0632991,부산광역시,051-500-2145,사직실내테니스장,부산광역시 동래구 종합운동장로 35-4(사직동),부산광역시 동래구 사직동 930 실내테니스장
907,정상운영,37.48107168,테니스장,양평군,송학리,127.4789723,경기도,031-770-2136,강상다목적체육관 테니스장,,경기 양평군 강상면 송학리 179-2
908,정상운영,37.07821778,테니스장,화성시,사랑리,126.8347092,경기도,031-5189-6188,장안남산 체육공원 테니스장,,경기 화성시 장안면 사랑리 689
909,정상운영,34.16777103,테니스장,완도군,비자리,126.654252,전라남도,061-550-5437,소안 테니스장,,전남 완도군 소안면 비자리 1008
910,정상운영,35.69862869,테니스장,거창군,일부리,128.0207752,경상남도,055-940-8733,가조면일부리테니스장,,경남 거창군 가조면 일부리 1262
911,정상운영,36.49787653,테니스장,사천시,대진리,127.265434,경상남도,055-831-2421,곤양하수처리장내테니스장,경상남도 사천시 곤양면 석문길 40,경상남도 사천시 곤양면 대진리 856
912,정상운영,36.49787653,테니스장,사천시,방지리,127.265434,경상남도,055-831-2421,하수도사업소 내 테니스장,경상남도 사천시 사남면 공단2로 193,경상남도 사천시 사남면 방지리 200
913,정상운영,35.82642985,테니스장,경산시,교촌리,128.8275225,경상북도,053-810-5419,자인테니스장,경상북도 경산시 자인면 자인공단4로 36,경상북도 경산시 자인면 교촌리 22-4
914,정상운영,36.16588566,테니스장,영동군,매천리,127.7833,충청북도,043-740-5995,실외테니스장,충청북도 영동군 영동읍 영동황간로 123,충청북도 영동군 영동읍 매천리 110-1
915,정상운영,37.37705836,테니스장,정선군,애산리,128.6747444,강원도,033-560-2768,정선 테니스장,강원도 정선군 정선읍 애산로 60,강원도 정선군 정선읍 애산리 768 정선종합경기장 정선체육관
916,정상운영,37.20375582,테니스장,화성시,반송동,127.0612102,경기도,031-5189-6188,센트럴파크 테니스장,경기도 화성시 동탄공원로1길 26-23(반송동),경기도 화성시 반송동 59
917,정상운영,35.19083916,테니스장,,삼락동,128.9779881,부산광역시,051-310-6024,삼락생태공원테니스장3면(수관교),부산 사상구 삼락동 29-14,부산 사상구 삼락동 29-14
918,정상운영,36.24558627,테니스장,구미시,동부리,128.3004349,경상북도,054-480-4915,비봉산 체육공원,경상북도 구미시 선산읍 선주로 127-4,경상북도 구미시 선산읍 동부리 산1-2
919,정상운영,35.38709599,테니스장,산청군,양전리,128.0121834,경상남도,055-970-6433,신등 테니스장,경상남도 산청군 신등면 신등가회로113번길 18,경상남도 산청군 신등면 양전리 163
920,정상운영,37.54502313,테니스장,영등포구,양화동,126.8857603,서울특별시,02-2670-3522,양평누리체육공원 테니스장,서울 영등포구 양화동 4-1,서울 영등포구 양화동 4-1
921,정상운영,35.22024108,테니스장,해운대구,반송동,129.1592756,부산광역시,051-749-4542,반송공원 테니스장,부산광역시 해운대구 반송순환로 100-51(반송동),부산광역시 해운대구 반송동 844-2
922,정상운영,36.49177422,테니스장,세종시,,127.2717369,세종특별자치시,044-301-3936,세종중앙공원 체육시설 테니스장,세종특별자치시 중앙공원로 60(세종동),세종특별자치시 세종동 107-121
923,정상운영,36.49177422,테니스장,세종시,,127.2717369,세종특별자치시,044-301-3936,세종중앙공원 체육시설 족구장,세종특별자치시 중앙공원로 60(세종동),세종특별자치시 세종동 107-121
924,정상운영,36.49177422,테니스장,세종시,,127.2717369,세종특별자치시,044-301-3936,세종중앙공원 체육시설 농구장,세종특별자치시 중앙공원로 60(세종동),세종특별자치시 세종동 107-121
925,정상운영,35.19632882,테니스장,,강동동,128.9305181,부산광역시,051-888-3735,서부사업소 테니스장,부산광역시 강서구 강동신덕1길 13(강동동),부산광역시 강서구 강동동 1539
926,정상운영,37.42984665,테니스장,시흥시,방산동,126.7792663,경기도,031-310-3159,방산 공영차고지 테니스장,경기 시흥시 방산동 123-43,경기 시흥시 방산동 123-43
927,정상운영,35.23079881,테니스장,창원시,사파동,128.6984643,경상남도,055-220-4066,창원시립테니스장,경상남도 창원시 성산구 비음로25번길 17(사파동),경상남도 창원시 성산구 사파동 160-1 창원종합테니스장
